rank,holderId,legacyV1Address,etherscanLabel,holderType,isContractAtSnapshot,codeBytesAtSnapshot,v1RawAmount,v1Amount,v2RawAmount,v2Amount,conversionRule,proposedDisposition,dispositionReason,draftThresholdEligible,destinationAddress,addressOverride,addressOverrideProofHash,ownerDecision,ownerDecisionReference,draftBatch,draftIndexInBatch,sourceAllocationId,sourceSafe,status
1,v1-mainnet-0001,0x876146f9e8863ba09a7eff0d8209e708a3fee802,,TOP5_OWNER_CLASSIFICATION_REQUIRED,False,0,883718640903163448882,883718640.903163448882,883718640903163448882000000,883718640.903163448882000000,v2RawAmount = v1RawAmount * 1000000 (12->18 decimals),HOLD_OWNER_DECISION_REQUIRED,Top-five balances represent 98.84% of V1 supply and cannot be treated as ordinary holder payouts without wallet ownership/tokenomics mapping.,False,,False,0x0000000000000000000000000000000000000000000000000000000000000000,PENDING,,,,OWNER_SELECTION_REQUIRED,OWNER_SELECTION_REQUIRED,DRAFT_NOT_EXECUTABLE
2,v1-mainnet-0002,0x6be007b1befd60624a55b901095dc2f4218a6211,,TOP5_OWNER_CLASSIFICATION_REQUIRED,False,0,56753033525215692135,56753033.525215692135,56753033525215692135000000,56753033.525215692135000000,v2RawAmount = v1RawAmount * 1000000 (12->18 decimals),HOLD_OWNER_DECISION_REQUIRED,Top-five balances represent 98.84% of V1 supply and cannot be treated as ordinary holder payouts without wallet ownership/tokenomics mapping.,False,,False,0x0000000000000000000000000000000000000000000000000000000000000000,PENDING,,,,OWNER_SELECTION_REQUIRED,OWNER_SELECTION_REQUIRED,DRAFT_NOT_EXECUTABLE
3,v1-mainnet-0003,0x37c441d73308f0778f73664a6ee1be96c43745ab,,TOP5_OWNER_CLASSIFICATION_REQUIRED,False,0,19948969216406505657,19948969.216406505657,19948969216406505657000000,19948969.216406505657000000,v2RawAmount = v1RawAmount * 1000000 (12->18 decimals),HOLD_OWNER_DECISION_REQUIRED,Top-five balances represent 98.84% of V1 supply and cannot be treated as ordinary holder payouts without wallet ownership/tokenomics mapping.,False,,False,0x0000000000000000000000000000000000000000000000000000000000000000,PENDING,,,,OWNER_SELECTION_REQUIRED,OWNER_SELECTION_REQUIRED,DRAFT_NOT_EXECUTABLE
4,v1-mainnet-0004,0xe32cfba7afd85c04d7c608c98e429cc6a000858a,,TOP5_OWNER_CLASSIFICATION_REQUIRED,False,0,18003608365208677308,18003608.365208677308,18003608365208677308000000,18003608.365208677308000000,v2RawAmount = v1RawAmount * 1000000 (12->18 decimals),HOLD_OWNER_DECISION_REQUIRED,Top-five balances represent 98.84% of V1 supply and cannot be treated as ordinary holder payouts without wallet ownership/tokenomics mapping.,False,,False,0x0000000000000000000000000000000000000000000000000000000000000000,PENDING,,,,OWNER_SELECTION_REQUIRED,OWNER_SELECTION_REQUIRED,DRAFT_NOT_EXECUTABLE
5,v1-mainnet-0005,0x706df7f43f2d552928c72c04f6bd7b056d76b336,,TOP5_OWNER_CLASSIFICATION_REQUIRED,False,0,10000000000000000000,10000000.000000000000,10000000000000000000000000,10000000.000000000000000000,v2RawAmount = v1RawAmount * 1000000 (12->18 decimals),HOLD_OWNER_DECISION_REQUIRED,Top-five balances represent 98.84% of V1 supply and cannot be treated as ordinary holder payouts without wallet ownership/tokenomics mapping.,False,,False,0x0000000000000000000000000000000000000000000000000000000000000000,PENDING,,,,OWNER_SELECTION_REQUIRED,OWNER_SELECTION_REQUIRED,DRAFT_NOT_EXECUTABLE
6,v1-mainnet-0006,0xd15749a7ae26cbab8f56831e029471d4cc756082,,EOA_CANDIDATE,False,0,5020982682245025491,5020982.682245025491,5020982682245025491000000,5020982.682245025491000000,v2RawAmount = v1RawAmount * 1000000 (12->18 decimals),PENDING_OWNER_ELIGIBILITY_APPROVAL,"Ordinary EOA candidate; inclusion still depends on V1 deprecation, threshold policy and owner approval.",True,0xd15749a7ae26cbab8f56831e029471d4cc756082,False,0x0000000000000000000000000000000000000000000000000000000000000000,PENDING,,1,1,OWNER_SELECTION_REQUIRED,OWNER_SELECTION_REQUIRED,DRAFT_NOT_EXECUTABLE
7,v1-mainnet-0007,0x83ff1cd3ae8e7a2d55a43815985b11d41540ac65,,EOA_CANDIDATE,False,0,1524956194156863776,1524956.194156863776,1524956194156863776000000,1524956.194156863776000000,v2RawAmount = v1RawAmount * 1000000 (12->18 decimals),PENDING_OWNER_ELIGIBILITY_APPROVAL,"Ordinary EOA candidate; inclusion still depends on V1 deprecation, threshold policy and owner approval.",True,0x83ff1cd3ae8e7a2d55a43815985b11d41540ac65,False,0x0000000000000000000000000000000000000000000000000000000000000000,PENDING,,1,2,OWNER_SELECTION_REQUIRED,OWNER_SELECTION_REQUIRED,DRAFT_NOT_EXECUTABLE
8,v1-mainnet-0008,0xad711454019916c9c170426c7c8f38bde739de57,,EOA_CANDIDATE,False,0,948059794773655813,948059.794773655813,948059794773655813000000,948059.794773655813000000,v2RawAmount = v1RawAmount * 1000000 (12->18 decimals),PENDING_OWNER_ELIGIBILITY_APPROVAL,"Ordinary EOA candidate; inclusion still depends on V1 deprecation, threshold policy and owner approval.",True,0xad711454019916c9c170426c7c8f38bde739de57,False,0x0000000000000000000000000000000000000000000000000000000000000000,PENDING,,1,3,OWNER_SELECTION_REQUIRED,OWNER_SELECTION_REQUIRED,DRAFT_NOT_EXECUTABLE
9,v1-mainnet-0009,0xa22d7cb335dfbdd6338be3dafa46284e71effdc2,,EOA_CANDIDATE,False,0,865000044816488073,865000.044816488073,865000044816488073000000,865000.044816488073000000,v2RawAmount = v1RawAmount * 1000000 (12->18 decimals),PENDING_OWNER_ELIGIBILITY_APPROVAL,"Ordinary EOA candidate; inclusion still depends on V1 deprecation, threshold policy and owner approval.",True,0xa22d7cb335dfbdd6338be3dafa46284e71effdc2,False,0x0000000000000000000000000000000000000000000000000000000000000000,PENDING,,1,4,OWNER_SELECTION_REQUIRED,OWNER_SELECTION_REQUIRED,DRAFT_NOT_EXECUTABLE
10,v1-mainnet-0010,0xfd00644213cc50dab420298ac4a103a11d79d4f1,,EOA_CANDIDATE,False,0,852437731810681454,852437.731810681454,852437731810681454000000,852437.731810681454000000,v2RawAmount = v1RawAmount * 1000000 (12->18 decimals),PENDING_OWNER_ELIGIBILITY_APPROVAL,"Ordinary EOA candidate; inclusion still depends on V1 deprecation, threshold policy and owner approval.",True,0xfd00644213cc50dab420298ac4a103a11d79d4f1,False,0x0000000000000000000000000000000000000000000000000000000000000000,PENDING,,1,5,OWNER_SELECTION_REQUIRED,OWNER_SELECTION_REQUIRED,DRAFT_NOT_EXECUTABLE
11,v1-mainnet-0011,0x0a80a5921ff574795a9c4e01aed176d6276d3820,,EOA_CANDIDATE,False,0,840605974156609188,840605.974156609188,840605974156609188000000,840605.974156609188000000,v2RawAmount = v1RawAmount * 1000000 (12->18 decimals),PENDING_OWNER_ELIGIBILITY_APPROVAL,"Ordinary EOA candidate; inclusion still depends on V1 deprecation, threshold policy and owner approval.",True,0x0a80a5921ff574795a9c4e01aed176d6276d3820,False,0x0000000000000000000000000000000000000000000000000000000000000000,PENDING,,1,6,OWNER_SELECTION_REQUIRED,OWNER_SELECTION_REQUIRED,DRAFT_NOT_EXECUTABLE
12,v1-mainnet-0012,0x000000000004444c5dc75cb358380d2e3de08a90,Uniswap V4: Pool Manager,DEX_INFRASTRUCTURE,True,24009,796919500028702821,796919.500028702821,796919500028702821000000,796919.500028702821000000,v2RawAmount = v1RawAmount * 1000000 (12->18 decimals),EXCLUDE_DEX_INFRASTRUCTURE,"Uniswap V4 PoolManager balance is protocol liquidity/infrastructure, not a direct holder recipient.",False,,False,0x0000000000000000000000000000000000000000000000000000000000000000,PENDING,,,,OWNER_SELECTION_REQUIRED,OWNER_SELECTION_REQUIRED,DRAFT_NOT_EXECUTABLE
13,v1-mainnet-0013,0x5a57ee9a7439f665639c25520d20c06b6a4cb20a,,EOA_CANDIDATE,False,0,215335945204563372,215335.945204563372,215335945204563372000000,215335.945204563372000000,v2RawAmount = v1RawAmount * 1000000 (12->18 decimals),PENDING_OWNER_ELIGIBILITY_APPROVAL,"Ordinary EOA candidate; inclusion still depends on V1 deprecation, threshold policy and owner approval.",True,0x5a57ee9a7439f665639c25520d20c06b6a4cb20a,False,0x0000000000000000000000000000000000000000000000000000000000000000,PENDING,,1,7,OWNER_SELECTION_REQUIRED,OWNER_SELECTION_REQUIRED,DRAFT_NOT_EXECUTABLE
14,v1-mainnet-0014,0xbefa5f098ab2804e7e409b8d683994e1b0e45849,,EOA_CANDIDATE,False,0,111450000000000000,111450.000000000000,111450000000000000000000,111450.000000000000000000,v2RawAmount = v1RawAmount * 1000000 (12->18 decimals),PENDING_OWNER_ELIGIBILITY_APPROVAL,"Ordinary EOA candidate; inclusion still depends on V1 deprecation, threshold policy and owner approval.",True,0xbefa5f098ab2804e7e409b8d683994e1b0e45849,False,0x0000000000000000000000000000000000000000000000000000000000000000,PENDING,,1,8,OWNER_SELECTION_REQUIRED,OWNER_SELECTION_REQUIRED,DRAFT_NOT_EXECUTABLE
15,v1-mainnet-0015,0x873816603bd7eb400ef89364e2d8ea4ac5c490e2,,EOA_CANDIDATE,False,0,105753848404187421,105753.848404187421,105753848404187421000000,105753.848404187421000000,v2RawAmount = v1RawAmount * 1000000 (12->18 decimals),PENDING_OWNER_ELIGIBILITY_APPROVAL,"Ordinary EOA candidate; inclusion still depends on V1 deprecation, threshold policy and owner approval.",True,0x873816603bd7eb400ef89364e2d8ea4ac5c490e2,False,0x0000000000000000000000000000000000000000000000000000000000000000,PENDING,,1,9,OWNER_SELECTION_REQUIRED,OWNER_SELECTION_REQUIRED,DRAFT_NOT_EXECUTABLE
16,v1-mainnet-0016,0xcf89b519825876c7ac6dfe56a1caa35abfce565f,,EOA_CANDIDATE,False,0,71243791691435985,71243.791691435985,71243791691435985000000,71243.791691435985000000,v2RawAmount = v1RawAmount * 1000000 (12->18 decimals),PENDING_OWNER_ELIGIBILITY_APPROVAL,"Ordinary EOA candidate; inclusion still depends on V1 deprecation, threshold policy and owner approval.",True,0xcf89b519825876c7ac6dfe56a1caa35abfce565f,False,0x0000000000000000000000000000000000000000000000000000000000000000,PENDING,,1,10,OWNER_SELECTION_REQUIRED,OWNER_SELECTION_REQUIRED,DRAFT_NOT_EXECUTABLE
17,v1-mainnet-0017,0x7c83a7e99f039ee9a699c3d8f04906d373f5fc36,,EOA_CANDIDATE,False,0,66402948578945192,66402.948578945192,66402948578945192000000,66402.948578945192000000,v2RawAmount = v1RawAmount * 1000000 (12->18 decimals),PENDING_OWNER_ELIGIBILITY_APPROVAL,"Ordinary EOA candidate; inclusion still depends on V1 deprecation, threshold policy and owner approval.",True,0x7c83a7e99f039ee9a699c3d8f04906d373f5fc36,False,0x0000000000000000000000000000000000000000000000000000000000000000,PENDING,,1,11,OWNER_SELECTION_REQUIRED,OWNER_SELECTION_REQUIRED,DRAFT_NOT_EXECUTABLE
18,v1-mainnet-0018,0x219d05ac1ccff122495cfea25a8fc059e19fae94,,EOA_CANDIDATE,False,0,43116827566299812,43116.827566299812,43116827566299812000000,43116.827566299812000000,v2RawAmount = v1RawAmount * 1000000 (12->18 decimals),PENDING_OWNER_ELIGIBILITY_APPROVAL,"Ordinary EOA candidate; inclusion still depends on V1 deprecation, threshold policy and owner approval.",True,0x219d05ac1ccff122495cfea25a8fc059e19fae94,False,0x0000000000000000000000000000000000000000000000000000000000000000,PENDING,,1,12,OWNER_SELECTION_REQUIRED,OWNER_SELECTION_REQUIRED,DRAFT_NOT_EXECUTABLE
19,v1-mainnet-0019,0x5eeed48afb574271d5150aaaa254dc791a5d981a,,EOA_CANDIDATE,False,0,25620000000000000,25620.000000000000,25620000000000000000000,25620.000000000000000000,v2RawAmount = v1RawAmount * 1000000 (12->18 decimals),PENDING_OWNER_ELIGIBILITY_APPROVAL,"Ordinary EOA candidate; inclusion still depends on V1 deprecation, threshold policy and owner approval.",True,0x5eeed48afb574271d5150aaaa254dc791a5d981a,False,0x0000000000000000000000000000000000000000000000000000000000000000,PENDING,,1,13,OWNER_SELECTION_REQUIRED,OWNER_SELECTION_REQUIRED,DRAFT_NOT_EXECUTABLE
20,v1-mainnet-0020,0x7637b9b75f7036683dd92664bfd693401be04b67,,EOA_CANDIDATE,False,0,23000000000000000,23000.000000000000,23000000000000000000000,23000.000000000000000000,v2RawAmount = v1RawAmount * 1000000 (12->18 decimals),PENDING_OWNER_ELIGIBILITY_APPROVAL,"Ordinary EOA candidate; inclusion still depends on V1 deprecation, threshold policy and owner approval.",True,0x7637b9b75f7036683dd92664bfd693401be04b67,False,0x0000000000000000000000000000000000000000000000000000000000000000,PENDING,,1,14,OWNER_SELECTION_REQUIRED,OWNER_SELECTION_REQUIRED,DRAFT_NOT_EXECUTABLE
21,v1-mainnet-0021,0x2eed6597e3f4762b907e194a62ac678de1186120,,EOA_CANDIDATE,False,0,17725299374436916,17725.299374436916,17725299374436916000000,17725.299374436916000000,v2RawAmount = v1RawAmount * 1000000 (12->18 decimals),PENDING_OWNER_ELIGIBILITY_APPROVAL,"Ordinary EOA candidate; inclusion still depends on V1 deprecation, threshold policy and owner approval.",True,0x2eed6597e3f4762b907e194a62ac678de1186120,False,0x0000000000000000000000000000000000000000000000000000000000000000,PENDING,,1,15,OWNER_SELECTION_REQUIRED,OWNER_SELECTION_REQUIRED,DRAFT_NOT_EXECUTABLE
22,v1-mainnet-0022,0xaa41d96d5ca0a9e4a1537988469e918c620ae445,,EOA_CANDIDATE,False,0,7341061149199077,7341.061149199077,7341061149199077000000,7341.061149199077000000,v2RawAmount = v1RawAmount * 1000000 (12->18 decimals),PENDING_OWNER_ELIGIBILITY_APPROVAL,"Ordinary EOA candidate; inclusion still depends on V1 deprecation, threshold policy and owner approval.",True,0xaa41d96d5ca0a9e4a1537988469e918c620ae445,False,0x0000000000000000000000000000000000000000000000000000000000000000,PENDING,,1,16,OWNER_SELECTION_REQUIRED,OWNER_SELECTION_REQUIRED,DRAFT_NOT_EXECUTABLE
23,v1-mainnet-0023,0xda4368a900a6010493f30639c5f71ccb79ad53da,,EOA_CANDIDATE,False,0,4000000000000000,4000.000000000000,4000000000000000000000,4000.000000000000000000,v2RawAmount = v1RawAmount * 1000000 (12->18 decimals),PENDING_OWNER_ELIGIBILITY_APPROVAL,"Ordinary EOA candidate; inclusion still depends on V1 deprecation, threshold policy and owner approval.",True,0xda4368a900a6010493f30639c5f71ccb79ad53da,False,0x0000000000000000000000000000000000000000000000000000000000000000,PENDING,,1,17,OWNER_SELECTION_REQUIRED,OWNER_SELECTION_REQUIRED,DRAFT_NOT_EXECUTABLE
24,v1-mainnet-0024,0x5192f343e7d494d65d50c5c75ec185bf8ae26f85,,EOA_CANDIDATE,False,0,3818957837226085,3818.957837226085,3818957837226085000000,3818.957837226085000000,v2RawAmount = v1RawAmount * 1000000 (12->18 decimals),PENDING_OWNER_ELIGIBILITY_APPROVAL,"Ordinary EOA candidate; inclusion still depends on V1 deprecation, threshold policy and owner approval.",True,0x5192f343e7d494d65d50c5c75ec185bf8ae26f85,False,0x0000000000000000000000000000000000000000000000000000000000000000,PENDING,,1,18,OWNER_SELECTION_REQUIRED,OWNER_SELECTION_REQUIRED,DRAFT_NOT_EXECUTABLE
25,v1-mainnet-0025,0xcb17ea8c4b0f869d1a5837e6764b355f1dbb90cb,,EOA_CANDIDATE,False,0,3655622955813256,3655.622955813256,3655622955813256000000,3655.622955813256000000,v2RawAmount = v1RawAmount * 1000000 (12->18 decimals),PENDING_OWNER_ELIGIBILITY_APPROVAL,"Ordinary EOA candidate; inclusion still depends on V1 deprecation, threshold policy and owner approval.",True,0xcb17ea8c4b0f869d1a5837e6764b355f1dbb90cb,False,0x0000000000000000000000000000000000000000000000000000000000000000,PENDING,,1,19,OWNER_SELECTION_REQUIRED,OWNER_SELECTION_REQUIRED,DRAFT_NOT_EXECUTABLE
26,v1-mainnet-0026,0xf20fee5b0233c67c1377013937c893188f85e412,,EOA_CANDIDATE,False,0,3655622955813256,3655.622955813256,3655622955813256000000,3655.622955813256000000,v2RawAmount = v1RawAmount * 1000000 (12->18 decimals),PENDING_OWNER_ELIGIBILITY_APPROVAL,"Ordinary EOA candidate; inclusion still depends on V1 deprecation, threshold policy and owner approval.",True,0xf20fee5b0233c67c1377013937c893188f85e412,False,0x0000000000000000000000000000000000000000000000000000000000000000,PENDING,,1,20,OWNER_SELECTION_REQUIRED,OWNER_SELECTION_REQUIRED,DRAFT_NOT_EXECUTABLE
27,v1-mainnet-0027,0x7e77b27607f6736beb767078ca27c5249a1e37df,,EOA_CANDIDATE,False,0,3641569697193433,3641.569697193433,3641569697193433000000,3641.569697193433000000,v2RawAmount = v1RawAmount * 1000000 (12->18 decimals),PENDING_OWNER_ELIGIBILITY_APPROVAL,"Ordinary EOA candidate; inclusion still depends on V1 deprecation, threshold policy and owner approval.",True,0x7e77b27607f6736beb767078ca27c5249a1e37df,False,0x0000000000000000000000000000000000000000000000000000000000000000,PENDING,,2,1,OWNER_SELECTION_REQUIRED,OWNER_SELECTION_REQUIRED,DRAFT_NOT_EXECUTABLE
28,v1-mainnet-0028,0xb2c23eed316e7ee29a758dcc194616a03b5cbe57,,EOA_CANDIDATE,False,0,3619896252215723,3619.896252215723,3619896252215723000000,3619.896252215723000000,v2RawAmount = v1RawAmount * 1000000 (12->18 decimals),PENDING_OWNER_ELIGIBILITY_APPROVAL,"Ordinary EOA candidate; inclusion still depends on V1 deprecation, threshold policy and owner approval.",True,0xb2c23eed316e7ee29a758dcc194616a03b5cbe57,False,0x0000000000000000000000000000000000000000000000000000000000000000,PENDING,,2,2,OWNER_SELECTION_REQUIRED,OWNER_SELECTION_REQUIRED,DRAFT_NOT_EXECUTABLE
29,v1-mainnet-0029,0x92070978459b129f2a3c0206a7ce8ce1420dc241,,EOA_CANDIDATE,False,0,3499999993355773,3499.999993355773,3499999993355773000000,3499.999993355773000000,v2RawAmount = v1RawAmount * 1000000 (12->18 decimals),PENDING_OWNER_ELIGIBILITY_APPROVAL,"Ordinary EOA candidate; inclusion still depends on V1 deprecation, threshold policy and owner approval.",True,0x92070978459b129f2a3c0206a7ce8ce1420dc241,False,0x0000000000000000000000000000000000000000000000000000000000000000,PENDING,,2,3,OWNER_SELECTION_REQUIRED,OWNER_SELECTION_REQUIRED,DRAFT_NOT_EXECUTABLE
30,v1-mainnet-0030,0x1699520ace8741c9359126f3cecf5b800abe689f,,EOA_CANDIDATE,False,0,3000000000000000,3000.000000000000,3000000000000000000000,3000.000000000000000000,v2RawAmount = v1RawAmount * 1000000 (12->18 decimals),PENDING_OWNER_ELIGIBILITY_APPROVAL,"Ordinary EOA candidate; inclusion still depends on V1 deprecation, threshold policy and owner approval.",True,0x1699520ace8741c9359126f3cecf5b800abe689f,False,0x0000000000000000000000000000000000000000000000000000000000000000,PENDING,,2,4,OWNER_SELECTION_REQUIRED,OWNER_SELECTION_REQUIRED,DRAFT_NOT_EXECUTABLE
31,v1-mainnet-0031,0x2bd0dc9b2e0463b2bfd1dfd558b32e8a467967fa,,EOA_CANDIDATE,False,0,1400000000000000,1400.000000000000,1400000000000000000000,1400.000000000000000000,v2RawAmount = v1RawAmount * 1000000 (12->18 decimals),PENDING_OWNER_ELIGIBILITY_APPROVAL,"Ordinary EOA candidate; inclusion still depends on V1 deprecation, threshold policy and owner approval.",True,0x2bd0dc9b2e0463b2bfd1dfd558b32e8a467967fa,False,0x0000000000000000000000000000000000000000000000000000000000000000,PENDING,,2,5,OWNER_SELECTION_REQUIRED,OWNER_SELECTION_REQUIRED,DRAFT_NOT_EXECUTABLE
32,v1-mainnet-0032,0x0f99f38ddc828216b9d7ab3ecfe2509cd88507fd,,EOA_CANDIDATE,False,0,1000000000000000,1000.000000000000,1000000000000000000000,1000.000000000000000000,v2RawAmount = v1RawAmount * 1000000 (12->18 decimals),PENDING_OWNER_ELIGIBILITY_APPROVAL,"Ordinary EOA candidate; inclusion still depends on V1 deprecation, threshold policy and owner approval.",True,0x0f99f38ddc828216b9d7ab3ecfe2509cd88507fd,False,0x0000000000000000000000000000000000000000000000000000000000000000,PENDING,,2,6,OWNER_SELECTION_REQUIRED,OWNER_SELECTION_REQUIRED,DRAFT_NOT_EXECUTABLE
33,v1-mainnet-0033,0x88b3330389b3d947bf19fee07c3fec78f368f46f,,EOA_CANDIDATE,False,0,490000000000000,490.000000000000,490000000000000000000,490.000000000000000000,v2RawAmount = v1RawAmount * 1000000 (12->18 decimals),PENDING_OWNER_ELIGIBILITY_APPROVAL,"Ordinary EOA candidate; inclusion still depends on V1 deprecation, threshold policy and owner approval.",False,,False,0x0000000000000000000000000000000000000000000000000000000000000000,PENDING,,,,OWNER_SELECTION_REQUIRED,OWNER_SELECTION_REQUIRED,DRAFT_NOT_EXECUTABLE
34,v1-mainnet-0034,0x29e7acb32b7c73bc0003b3e478eaba7c24acde7d,Binance Dep: 0x29e7AcB32B7c73BC0003b3e478EABA7C24acDE7d,CUSTODIAL_EXCHANGE_DEPOSIT,False,0,473420370000000,473.420370000000,473420370000000000000,473.420370000000000000,v2RawAmount = v1RawAmount * 1000000 (12->18 decimals),HOLD_DESTINATION_PROOF_REQUIRED,Exchange deposit addresses must not receive V2 without a signed alternate-destination instruction and custody review.,False,,False,0x0000000000000000000000000000000000000000000000000000000000000000,PENDING,,,,OWNER_SELECTION_REQUIRED,OWNER_SELECTION_REQUIRED,DRAFT_NOT_EXECUTABLE
35,v1-mainnet-0035,0xa3fe833d4b291f1c736af7627c7ee776d2ebd969,,EOA_CANDIDATE,False,0,427829261868154,427.829261868154,427829261868154000000,427.829261868154000000,v2RawAmount = v1RawAmount * 1000000 (12->18 decimals),PENDING_OWNER_ELIGIBILITY_APPROVAL,"Ordinary EOA candidate; inclusion still depends on V1 deprecation, threshold policy and owner approval.",False,,False,0x0000000000000000000000000000000000000000000000000000000000000000,PENDING,,,,OWNER_SELECTION_REQUIRED,OWNER_SELECTION_REQUIRED,DRAFT_NOT_EXECUTABLE
36,v1-mainnet-0036,0x6e68f113f52f11bcd3016e52e33b94a70b0229b1,,EOA_CANDIDATE,False,0,420000000000000,420.000000000000,420000000000000000000,420.000000000000000000,v2RawAmount = v1RawAmount * 1000000 (12->18 decimals),PENDING_OWNER_ELIGIBILITY_APPROVAL,"Ordinary EOA candidate; inclusion still depends on V1 deprecation, threshold policy and owner approval.",False,,False,0x0000000000000000000000000000000000000000000000000000000000000000,PENDING,,,,OWNER_SELECTION_REQUIRED,OWNER_SELECTION_REQUIRED,DRAFT_NOT_EXECUTABLE
37,v1-mainnet-0037,0x111e50b9dd01013c73dc76c5b383d0114099fac5,,EOA_CANDIDATE,False,0,385000000000000,385.000000000000,385000000000000000000,385.000000000000000000,v2RawAmount = v1RawAmount * 1000000 (12->18 decimals),PENDING_OWNER_ELIGIBILITY_APPROVAL,"Ordinary EOA candidate; inclusion still depends on V1 deprecation, threshold policy and owner approval.",False,,False,0x0000000000000000000000000000000000000000000000000000000000000000,PENDING,,,,OWNER_SELECTION_REQUIRED,OWNER_SELECTION_REQUIRED,DRAFT_NOT_EXECUTABLE
38,v1-mainnet-0038,0x53bf118dacbbeb1ca56b2a2dce61e9b9cd3985e0,,EOA_CANDIDATE,False,0,340000000000000,340.000000000000,340000000000000000000,340.000000000000000000,v2RawAmount = v1RawAmount * 1000000 (12->18 decimals),PENDING_OWNER_ELIGIBILITY_APPROVAL,"Ordinary EOA candidate; inclusion still depends on V1 deprecation, threshold policy and owner approval.",False,,False,0x0000000000000000000000000000000000000000000000000000000000000000,PENDING,,,,OWNER_SELECTION_REQUIRED,OWNER_SELECTION_REQUIRED,DRAFT_NOT_EXECUTABLE
39,v1-mainnet-0039,0x8af47390236581ee6ec2f2fa2517da590e5e14a8,,EOA_CANDIDATE,False,0,329014734675135,329.014734675135,329014734675135000000,329.014734675135000000,v2RawAmount = v1RawAmount * 1000000 (12->18 decimals),PENDING_OWNER_ELIGIBILITY_APPROVAL,"Ordinary EOA candidate; inclusion still depends on V1 deprecation, threshold policy and owner approval.",False,,False,0x0000000000000000000000000000000000000000000000000000000000000000,PENDING,,,,OWNER_SELECTION_REQUIRED,OWNER_SELECTION_REQUIRED,DRAFT_NOT_EXECUTABLE
40,v1-mainnet-0040,0x1d6159c927a6df83fe6a5f18fb315240cfedcfb7,,EOA_CANDIDATE,False,0,312713440000000,312.713440000000,312713440000000000000,312.713440000000000000,v2RawAmount = v1RawAmount * 1000000 (12->18 decimals),PENDING_OWNER_ELIGIBILITY_APPROVAL,"Ordinary EOA candidate; inclusion still depends on V1 deprecation, threshold policy and owner approval.",False,,False,0x0000000000000000000000000000000000000000000000000000000000000000,PENDING,,,,OWNER_SELECTION_REQUIRED,OWNER_SELECTION_REQUIRED,DRAFT_NOT_EXECUTABLE
41,v1-mainnet-0041,0x9d15dc943d45372ce23b6f74220c2e625cd6fa40,,EOA_CANDIDATE,False,0,253195460000000,253.195460000000,253195460000000000000,253.195460000000000000,v2RawAmount = v1RawAmount * 1000000 (12->18 decimals),PENDING_OWNER_ELIGIBILITY_APPROVAL,"Ordinary EOA candidate; inclusion still depends on V1 deprecation, threshold policy and owner approval.",False,,False,0x0000000000000000000000000000000000000000000000000000000000000000,PENDING,,,,OWNER_SELECTION_REQUIRED,OWNER_SELECTION_REQUIRED,DRAFT_NOT_EXECUTABLE
42,v1-mainnet-0042,0x1a6b38d4d76ee25407d77e2b4d7f1ca2ec3f6594,,EOA_CANDIDATE,False,0,221544075985777,221.544075985777,221544075985777000000,221.544075985777000000,v2RawAmount = v1RawAmount * 1000000 (12->18 decimals),PENDING_OWNER_ELIGIBILITY_APPROVAL,"Ordinary EOA candidate; inclusion still depends on V1 deprecation, threshold policy and owner approval.",False,,False,0x0000000000000000000000000000000000000000000000000000000000000000,PENDING,,,,OWNER_SELECTION_REQUIRED,OWNER_SELECTION_REQUIRED,DRAFT_NOT_EXECUTABLE
43,v1-mainnet-0043,0x408ff4c088f0bd4b8384aaf400e38cdcc32a4954,,EOA_CANDIDATE,False,0,199673696740558,199.673696740558,199673696740558000000,199.673696740558000000,v2RawAmount = v1RawAmount * 1000000 (12->18 decimals),PENDING_OWNER_ELIGIBILITY_APPROVAL,"Ordinary EOA candidate; inclusion still depends on V1 deprecation, threshold policy and owner approval.",False,,False,0x0000000000000000000000000000000000000000000000000000000000000000,PENDING,,,,OWNER_SELECTION_REQUIRED,OWNER_SELECTION_REQUIRED,DRAFT_NOT_EXECUTABLE
44,v1-mainnet-0044,0xf7a7edd501feb688a090cc9b990648fed643701e,,EOA_CANDIDATE,False,0,186640300000000,186.640300000000,186640300000000000000,186.640300000000000000,v2RawAmount = v1RawAmount * 1000000 (12->18 decimals),PENDING_OWNER_ELIGIBILITY_APPROVAL,"Ordinary EOA candidate; inclusion still depends on V1 deprecation, threshold policy and owner approval.",False,,False,0x0000000000000000000000000000000000000000000000000000000000000000,PENDING,,,,OWNER_SELECTION_REQUIRED,OWNER_SELECTION_REQUIRED,DRAFT_NOT_EXECUTABLE
45,v1-mainnet-0045,0xf704c1d5d03ab7b476d3ce4a3a7b6e445aaa1e97,,EOA_CANDIDATE,False,0,172773600000000,172.773600000000,172773600000000000000,172.773600000000000000,v2RawAmount = v1RawAmount * 1000000 (12->18 decimals),PENDING_OWNER_ELIGIBILITY_APPROVAL,"Ordinary EOA candidate; inclusion still depends on V1 deprecation, threshold policy and owner approval.",False,,False,0x0000000000000000000000000000000000000000000000000000000000000000,PENDING,,,,OWNER_SELECTION_REQUIRED,OWNER_SELECTION_REQUIRED,DRAFT_NOT_EXECUTABLE
46,v1-mainnet-0046,0xdc3c3baf41a7f50151d4109307907ce39bc2b16e,,EOA_CANDIDATE,False,0,147000000000000,147.000000000000,147000000000000000000,147.000000000000000000,v2RawAmount = v1RawAmount * 1000000 (12->18 decimals),PENDING_OWNER_ELIGIBILITY_APPROVAL,"Ordinary EOA candidate; inclusion still depends on V1 deprecation, threshold policy and owner approval.",False,,False,0x0000000000000000000000000000000000000000000000000000000000000000,PENDING,,,,OWNER_SELECTION_REQUIRED,OWNER_SELECTION_REQUIRED,DRAFT_NOT_EXECUTABLE
47,v1-mainnet-0047,0x73643770f1c0e7a92492f4217535c6a0bf17d47e,,EOA_CANDIDATE,False,0,129397410000000,129.397410000000,129397410000000000000,129.397410000000000000,v2RawAmount = v1RawAmount * 1000000 (12->18 decimals),PENDING_OWNER_ELIGIBILITY_APPROVAL,"Ordinary EOA candidate; inclusion still depends on V1 deprecation, threshold policy and owner approval.",False,,False,0x0000000000000000000000000000000000000000000000000000000000000000,PENDING,,,,OWNER_SELECTION_REQUIRED,OWNER_SELECTION_REQUIRED,DRAFT_NOT_EXECUTABLE
48,v1-mainnet-0048,0xf5d6eb8e7b0a69028e94c748e562cb2ebecdb621,,EOA_CANDIDATE,False,0,125452190000000,125.452190000000,125452190000000000000,125.452190000000000000,v2RawAmount = v1RawAmount * 1000000 (12->18 decimals),PENDING_OWNER_ELIGIBILITY_APPROVAL,"Ordinary EOA candidate; inclusion still depends on V1 deprecation, threshold policy and owner approval.",False,,False,0x0000000000000000000000000000000000000000000000000000000000000000,PENDING,,,,OWNER_SELECTION_REQUIRED,OWNER_SELECTION_REQUIRED,DRAFT_NOT_EXECUTABLE
49,v1-mainnet-0049,0xd3bab778576b948370c1fba8e209ac65c046b8f9,,EOA_CANDIDATE,False,0,122835040000000,122.835040000000,122835040000000000000,122.835040000000000000,v2RawAmount = v1RawAmount * 1000000 (12->18 decimals),PENDING_OWNER_ELIGIBILITY_APPROVAL,"Ordinary EOA candidate; inclusion still depends on V1 deprecation, threshold policy and owner approval.",False,,False,0x0000000000000000000000000000000000000000000000000000000000000000,PENDING,,,,OWNER_SELECTION_REQUIRED,OWNER_SELECTION_REQUIRED,DRAFT_NOT_EXECUTABLE
50,v1-mainnet-0050,0xa3996b9977cdbf77c6f7717894d58a66a6789d9c,,SMART_CONTRACT,True,6235,104073564052835,104.073564052835,104073564052835000000,104.073564052835000000,v2RawAmount = v1RawAmount * 1000000 (12->18 decimals),HOLD_CONTRACT_RECIPIENT_REVIEW,"Contract recipients require ownership, recovery and token-compatibility review.",False,,False,0x0000000000000000000000000000000000000000000000000000000000000000,PENDING,,,,OWNER_SELECTION_REQUIRED,OWNER_SELECTION_REQUIRED,DRAFT_NOT_EXECUTABLE
51,v1-mainnet-0051,0xe35c51d899c5524347a384c1012bb5b76af85b24,,EOA_CANDIDATE,False,0,90000000000000,90.000000000000,90000000000000000000,90.000000000000000000,v2RawAmount = v1RawAmount * 1000000 (12->18 decimals),PENDING_OWNER_ELIGIBILITY_APPROVAL,"Ordinary EOA candidate; inclusion still depends on V1 deprecation, threshold policy and owner approval.",False,,False,0x0000000000000000000000000000000000000000000000000000000000000000,PENDING,,,,OWNER_SELECTION_REQUIRED,OWNER_SELECTION_REQUIRED,DRAFT_NOT_EXECUTABLE
52,v1-mainnet-0052,0x731906e287bea52aa282b7015681920cfaf62708,,EOA_CANDIDATE,False,0,80000000000000,80.000000000000,80000000000000000000,80.000000000000000000,v2RawAmount = v1RawAmount * 1000000 (12->18 decimals),PENDING_OWNER_ELIGIBILITY_APPROVAL,"Ordinary EOA candidate; inclusion still depends on V1 deprecation, threshold policy and owner approval.",False,,False,0x0000000000000000000000000000000000000000000000000000000000000000,PENDING,,,,OWNER_SELECTION_REQUIRED,OWNER_SELECTION_REQUIRED,DRAFT_NOT_EXECUTABLE
53,v1-mainnet-0053,0x6dd35292b41e2382ee1aadd535e286cbc3c8e22f,,EIP7702_DELEGATED_ACCOUNT,True,23,79424720000000,79.424720000000,79424720000000000000,79.424720000000000000,v2RawAmount = v1RawAmount * 1000000 (12->18 decimals),HOLD_ACCOUNT_CONTROL_REVIEW,23-byte delegated account code requires control and destination review before inclusion.,False,,False,0x0000000000000000000000000000000000000000000000000000000000000000,PENDING,,,,OWNER_SELECTION_REQUIRED,OWNER_SELECTION_REQUIRED,DRAFT_NOT_EXECUTABLE
54,v1-mainnet-0054,0xbe048116f1d1efb94ec76e4c3ec02061507c3ad2,,EOA_CANDIDATE,False,0,74600000000000,74.600000000000,74600000000000000000,74.600000000000000000,v2RawAmount = v1RawAmount * 1000000 (12->18 decimals),PENDING_OWNER_ELIGIBILITY_APPROVAL,"Ordinary EOA candidate; inclusion still depends on V1 deprecation, threshold policy and owner approval.",False,,False,0x0000000000000000000000000000000000000000000000000000000000000000,PENDING,,,,OWNER_SELECTION_REQUIRED,OWNER_SELECTION_REQUIRED,DRAFT_NOT_EXECUTABLE
55,v1-mainnet-0055,0x9df20fd500a7d95cf6d6a1d3f154e262c2c42f52,,EOA_CANDIDATE,False,0,63038520000000,63.038520000000,63038520000000000000,63.038520000000000000,v2RawAmount = v1RawAmount * 1000000 (12->18 decimals),PENDING_OWNER_ELIGIBILITY_APPROVAL,"Ordinary EOA candidate; inclusion still depends on V1 deprecation, threshold policy and owner approval.",False,,False,0x0000000000000000000000000000000000000000000000000000000000000000,PENDING,,,,OWNER_SELECTION_REQUIRED,OWNER_SELECTION_REQUIRED,DRAFT_NOT_EXECUTABLE
56,v1-mainnet-0056,0x86119c0ff7b52d9ce46370623bdca2acf4e5490c,,EOA_CANDIDATE,False,0,60722200000000,60.722200000000,60722200000000000000,60.722200000000000000,v2RawAmount = v1RawAmount * 1000000 (12->18 decimals),PENDING_OWNER_ELIGIBILITY_APPROVAL,"Ordinary EOA candidate; inclusion still depends on V1 deprecation, threshold policy and owner approval.",False,,False,0x0000000000000000000000000000000000000000000000000000000000000000,PENDING,,,,OWNER_SELECTION_REQUIRED,OWNER_SELECTION_REQUIRED,DRAFT_NOT_EXECUTABLE
57,v1-mainnet-0057,0x61f77deceb2e112911cc7e26bfe078f56cfc478d,ByBit Dep: 0x61f77DEcEb2e112911cC7E26Bfe078F56cfc478D,CUSTODIAL_EXCHANGE_DEPOSIT,False,0,53000000000000,53.000000000000,53000000000000000000,53.000000000000000000,v2RawAmount = v1RawAmount * 1000000 (12->18 decimals),HOLD_DESTINATION_PROOF_REQUIRED,Exchange deposit addresses must not receive V2 without a signed alternate-destination instruction and custody review.,False,,False,0x0000000000000000000000000000000000000000000000000000000000000000,PENDING,,,,OWNER_SELECTION_REQUIRED,OWNER_SELECTION_REQUIRED,DRAFT_NOT_EXECUTABLE
58,v1-mainnet-0058,0x2bca518196db0a38ed16b7596ef2335d6d5af074,,EOA_CANDIDATE,False,0,50000000000000,50.000000000000,50000000000000000000,50.000000000000000000,v2RawAmount = v1RawAmount * 1000000 (12->18 decimals),PENDING_OWNER_ELIGIBILITY_APPROVAL,"Ordinary EOA candidate; inclusion still depends on V1 deprecation, threshold policy and owner approval.",False,,False,0x0000000000000000000000000000000000000000000000000000000000000000,PENDING,,,,OWNER_SELECTION_REQUIRED,OWNER_SELECTION_REQUIRED,DRAFT_NOT_EXECUTABLE
59,v1-mainnet-0059,0x0bc85890b24d272b4cdec3d11b6f74826d052da7,,EOA_CANDIDATE,False,0,43542978992874,43.542978992874,43542978992874000000,43.542978992874000000,v2RawAmount = v1RawAmount * 1000000 (12->18 decimals),PENDING_OWNER_ELIGIBILITY_APPROVAL,"Ordinary EOA candidate; inclusion still depends on V1 deprecation, threshold policy and owner approval.",False,,False,0x0000000000000000000000000000000000000000000000000000000000000000,PENDING,,,,OWNER_SELECTION_REQUIRED,OWNER_SELECTION_REQUIRED,DRAFT_NOT_EXECUTABLE
60,v1-mainnet-0060,0x82704413c95ecdf34e5e619b75f06d77ce6ee578,,EOA_CANDIDATE,False,0,39668200000000,39.668200000000,39668200000000000000,39.668200000000000000,v2RawAmount = v1RawAmount * 1000000 (12->18 decimals),PENDING_OWNER_ELIGIBILITY_APPROVAL,"Ordinary EOA candidate; inclusion still depends on V1 deprecation, threshold policy and owner approval.",False,,False,0x0000000000000000000000000000000000000000000000000000000000000000,PENDING,,,,OWNER_SELECTION_REQUIRED,OWNER_SELECTION_REQUIRED,DRAFT_NOT_EXECUTABLE
61,v1-mainnet-0061,0x44c189d5f02a755081bef5e1cd5b871783b45b3a,,EOA_CANDIDATE,False,0,37887968030000,37.887968030000,37887968030000000000,37.887968030000000000,v2RawAmount = v1RawAmount * 1000000 (12->18 decimals),PENDING_OWNER_ELIGIBILITY_APPROVAL,"Ordinary EOA candidate; inclusion still depends on V1 deprecation, threshold policy and owner approval.",False,,False,0x0000000000000000000000000000000000000000000000000000000000000000,PENDING,,,,OWNER_SELECTION_REQUIRED,OWNER_SELECTION_REQUIRED,DRAFT_NOT_EXECUTABLE
62,v1-mainnet-0062,0x0c8c2333cebfe716bdd7498209c30640e49406cd,,EOA_CANDIDATE,False,0,32186180000000,32.186180000000,32186180000000000000,32.186180000000000000,v2RawAmount = v1RawAmount * 1000000 (12->18 decimals),PENDING_OWNER_ELIGIBILITY_APPROVAL,"Ordinary EOA candidate; inclusion still depends on V1 deprecation, threshold policy and owner approval.",False,,False,0x0000000000000000000000000000000000000000000000000000000000000000,PENDING,,,,OWNER_SELECTION_REQUIRED,OWNER_SELECTION_REQUIRED,DRAFT_NOT_EXECUTABLE
63,v1-mainnet-0063,0x4c71c9622d884854c48e00239538da5305c3f810,,EOA_CANDIDATE,False,0,30000000000000,30.000000000000,30000000000000000000,30.000000000000000000,v2RawAmount = v1RawAmount * 1000000 (12->18 decimals),PENDING_OWNER_ELIGIBILITY_APPROVAL,"Ordinary EOA candidate; inclusion still depends on V1 deprecation, threshold policy and owner approval.",False,,False,0x0000000000000000000000000000000000000000000000000000000000000000,PENDING,,,,OWNER_SELECTION_REQUIRED,OWNER_SELECTION_REQUIRED,DRAFT_NOT_EXECUTABLE
64,v1-mainnet-0064,0x4f27bfccd67508a98e5a32d0a8cdc2738af110b9,,EOA_CANDIDATE,False,0,29000000000000,29.000000000000,29000000000000000000,29.000000000000000000,v2RawAmount = v1RawAmount * 1000000 (12->18 decimals),PENDING_OWNER_ELIGIBILITY_APPROVAL,"Ordinary EOA candidate; inclusion still depends on V1 deprecation, threshold policy and owner approval.",False,,False,0x0000000000000000000000000000000000000000000000000000000000000000,PENDING,,,,OWNER_SELECTION_REQUIRED,OWNER_SELECTION_REQUIRED,DRAFT_NOT_EXECUTABLE
65,v1-mainnet-0065,0x473c255acce8a8c9547c0dec063395d9a33e0162,Binance Dep: 0x473c255acCE8A8C9547c0DeC063395d9a33E0162,CUSTODIAL_EXCHANGE_DEPOSIT,False,0,28452680000000,28.452680000000,28452680000000000000,28.452680000000000000,v2RawAmount = v1RawAmount * 1000000 (12->18 decimals),HOLD_DESTINATION_PROOF_REQUIRED,Exchange deposit addresses must not receive V2 without a signed alternate-destination instruction and custody review.,False,,False,0x0000000000000000000000000000000000000000000000000000000000000000,PENDING,,,,OWNER_SELECTION_REQUIRED,OWNER_SELECTION_REQUIRED,DRAFT_NOT_EXECUTABLE
66,v1-mainnet-0066,0x0b48140916820995df02a19c387d9301b89a85ce,,EOA_CANDIDATE,False,0,22000000000000,22.000000000000,22000000000000000000,22.000000000000000000,v2RawAmount = v1RawAmount * 1000000 (12->18 decimals),PENDING_OWNER_ELIGIBILITY_APPROVAL,"Ordinary EOA candidate; inclusion still depends on V1 deprecation, threshold policy and owner approval.",False,,False,0x0000000000000000000000000000000000000000000000000000000000000000,PENDING,,,,OWNER_SELECTION_REQUIRED,OWNER_SELECTION_REQUIRED,DRAFT_NOT_EXECUTABLE
67,v1-mainnet-0067,0x5a43e3db3bc6979ac10ce25d3fb51d1fbb8b9f9f,,EOA_CANDIDATE,False,0,22000000000000,22.000000000000,22000000000000000000,22.000000000000000000,v2RawAmount = v1RawAmount * 1000000 (12->18 decimals),PENDING_OWNER_ELIGIBILITY_APPROVAL,"Ordinary EOA candidate; inclusion still depends on V1 deprecation, threshold policy and owner approval.",False,,False,0x0000000000000000000000000000000000000000000000000000000000000000,PENDING,,,,OWNER_SELECTION_REQUIRED,OWNER_SELECTION_REQUIRED,DRAFT_NOT_EXECUTABLE
68,v1-mainnet-0068,0x1f059b7c86c293c27699c67376be0d525b03ef48,,EOA_CANDIDATE,False,0,20000000000000,20.000000000000,20000000000000000000,20.000000000000000000,v2RawAmount = v1RawAmount * 1000000 (12->18 decimals),PENDING_OWNER_ELIGIBILITY_APPROVAL,"Ordinary EOA candidate; inclusion still depends on V1 deprecation, threshold policy and owner approval.",False,,False,0x0000000000000000000000000000000000000000000000000000000000000000,PENDING,,,,OWNER_SELECTION_REQUIRED,OWNER_SELECTION_REQUIRED,DRAFT_NOT_EXECUTABLE
69,v1-mainnet-0069,0x51f61291d4bbf9666b91cb68618a73b8f47024de,,EIP7702_DELEGATED_ACCOUNT,True,23,19396119810000,19.396119810000,19396119810000000000,19.396119810000000000,v2RawAmount = v1RawAmount * 1000000 (12->18 decimals),HOLD_ACCOUNT_CONTROL_REVIEW,23-byte delegated account code requires control and destination review before inclusion.,False,,False,0x0000000000000000000000000000000000000000000000000000000000000000,PENDING,,,,OWNER_SELECTION_REQUIRED,OWNER_SELECTION_REQUIRED,DRAFT_NOT_EXECUTABLE
70,v1-mainnet-0070,0x9863694f4ef5417be7063145cad7c7e9d5518247,,EOA_CANDIDATE,False,0,17277361947033,17.277361947033,17277361947033000000,17.277361947033000000,v2RawAmount = v1RawAmount * 1000000 (12->18 decimals),PENDING_OWNER_ELIGIBILITY_APPROVAL,"Ordinary EOA candidate; inclusion still depends on V1 deprecation, threshold policy and owner approval.",False,,False,0x0000000000000000000000000000000000000000000000000000000000000000,PENDING,,,,OWNER_SELECTION_REQUIRED,OWNER_SELECTION_REQUIRED,DRAFT_NOT_EXECUTABLE
71,v1-mainnet-0071,0x28357849c3d8a88bb43e3e3860d7d7065903ff5b,,EOA_CANDIDATE,False,0,15922400000000,15.922400000000,15922400000000000000,15.922400000000000000,v2RawAmount = v1RawAmount * 1000000 (12->18 decimals),PENDING_OWNER_ELIGIBILITY_APPROVAL,"Ordinary EOA candidate; inclusion still depends on V1 deprecation, threshold policy and owner approval.",False,,False,0x0000000000000000000000000000000000000000000000000000000000000000,PENDING,,,,OWNER_SELECTION_REQUIRED,OWNER_SELECTION_REQUIRED,DRAFT_NOT_EXECUTABLE
72,v1-mainnet-0072,0xbfbbcae4988adcc0d075fe7564e2dccd6d334ce4,,EOA_CANDIDATE,False,0,15000000000000,15.000000000000,15000000000000000000,15.000000000000000000,v2RawAmount = v1RawAmount * 1000000 (12->18 decimals),PENDING_OWNER_ELIGIBILITY_APPROVAL,"Ordinary EOA candidate; inclusion still depends on V1 deprecation, threshold policy and owner approval.",False,,False,0x0000000000000000000000000000000000000000000000000000000000000000,PENDING,,,,OWNER_SELECTION_REQUIRED,OWNER_SELECTION_REQUIRED,DRAFT_NOT_EXECUTABLE
73,v1-mainnet-0073,0x09ada5d4494856a87c02892d44e41c713d70307b,,EOA_CANDIDATE,False,0,14101400000000,14.101400000000,14101400000000000000,14.101400000000000000,v2RawAmount = v1RawAmount * 1000000 (12->18 decimals),PENDING_OWNER_ELIGIBILITY_APPROVAL,"Ordinary EOA candidate; inclusion still depends on V1 deprecation, threshold policy and owner approval.",False,,False,0x0000000000000000000000000000000000000000000000000000000000000000,PENDING,,,,OWNER_SELECTION_REQUIRED,OWNER_SELECTION_REQUIRED,DRAFT_NOT_EXECUTABLE
74,v1-mainnet-0074,0x8bda05bcceb7618093200b42674820a21f79dc08,,EOA_CANDIDATE,False,0,11748900000000,11.748900000000,11748900000000000000,11.748900000000000000,v2RawAmount = v1RawAmount * 1000000 (12->18 decimals),PENDING_OWNER_ELIGIBILITY_APPROVAL,"Ordinary EOA candidate; inclusion still depends on V1 deprecation, threshold policy and owner approval.",False,,False,0x0000000000000000000000000000000000000000000000000000000000000000,PENDING,,,,OWNER_SELECTION_REQUIRED,OWNER_SELECTION_REQUIRED,DRAFT_NOT_EXECUTABLE
75,v1-mainnet-0075,0x2387eae895d2e3c5acbc3f708832504d910fd5e4,,EOA_CANDIDATE,False,0,10000000000000,10.000000000000,10000000000000000000,10.000000000000000000,v2RawAmount = v1RawAmount * 1000000 (12->18 decimals),PENDING_OWNER_ELIGIBILITY_APPROVAL,"Ordinary EOA candidate; inclusion still depends on V1 deprecation, threshold policy and owner approval.",False,,False,0x0000000000000000000000000000000000000000000000000000000000000000,PENDING,,,,OWNER_SELECTION_REQUIRED,OWNER_SELECTION_REQUIRED,DRAFT_NOT_EXECUTABLE
76,v1-mainnet-0076,0xb60e3ecdc4beba1f0ced0354fbbd71a5fbf6468d,,EOA_CANDIDATE,False,0,10000000000000,10.000000000000,10000000000000000000,10.000000000000000000,v2RawAmount = v1RawAmount * 1000000 (12->18 decimals),PENDING_OWNER_ELIGIBILITY_APPROVAL,"Ordinary EOA candidate; inclusion still depends on V1 deprecation, threshold policy and owner approval.",False,,False,0x0000000000000000000000000000000000000000000000000000000000000000,PENDING,,,,OWNER_SELECTION_REQUIRED,OWNER_SELECTION_REQUIRED,DRAFT_NOT_EXECUTABLE
77,v1-mainnet-0077,0xcadbb23b8e18d216b8b25c9f21a18b9cf2d21fc1,,EOA_CANDIDATE,False,0,10000000000000,10.000000000000,10000000000000000000,10.000000000000000000,v2RawAmount = v1RawAmount * 1000000 (12->18 decimals),PENDING_OWNER_ELIGIBILITY_APPROVAL,"Ordinary EOA candidate; inclusion still depends on V1 deprecation, threshold policy and owner approval.",False,,False,0x0000000000000000000000000000000000000000000000000000000000000000,PENDING,,,,OWNER_SELECTION_REQUIRED,OWNER_SELECTION_REQUIRED,DRAFT_NOT_EXECUTABLE
78,v1-mainnet-0078,0xcb3f083c32772fbefc1f2a5aa86e76c7686def63,,EOA_CANDIDATE,False,0,10000000000000,10.000000000000,10000000000000000000,10.000000000000000000,v2RawAmount = v1RawAmount * 1000000 (12->18 decimals),PENDING_OWNER_ELIGIBILITY_APPROVAL,"Ordinary EOA candidate; inclusion still depends on V1 deprecation, threshold policy and owner approval.",False,,False,0x0000000000000000000000000000000000000000000000000000000000000000,PENDING,,,,OWNER_SELECTION_REQUIRED,OWNER_SELECTION_REQUIRED,DRAFT_NOT_EXECUTABLE
79,v1-mainnet-0079,0x5cf8cfe8382f2deaef6928c8210a82b972af3f67,,EOA_CANDIDATE,False,0,9993100000000,9.993100000000,9993100000000000000,9.993100000000000000,v2RawAmount = v1RawAmount * 1000000 (12->18 decimals),PENDING_OWNER_ELIGIBILITY_APPROVAL,"Ordinary EOA candidate; inclusion still depends on V1 deprecation, threshold policy and owner approval.",False,,False,0x0000000000000000000000000000000000000000000000000000000000000000,PENDING,,,,OWNER_SELECTION_REQUIRED,OWNER_SELECTION_REQUIRED,DRAFT_NOT_EXECUTABLE
80,v1-mainnet-0080,0x80021c8cd3397c471daa8528aa913eec290fd3cc,,EOA_CANDIDATE,False,0,9973500000000,9.973500000000,9973500000000000000,9.973500000000000000,v2RawAmount = v1RawAmount * 1000000 (12->18 decimals),PENDING_OWNER_ELIGIBILITY_APPROVAL,"Ordinary EOA candidate; inclusion still depends on V1 deprecation, threshold policy and owner approval.",False,,False,0x0000000000000000000000000000000000000000000000000000000000000000,PENDING,,,,OWNER_SELECTION_REQUIRED,OWNER_SELECTION_REQUIRED,DRAFT_NOT_EXECUTABLE
81,v1-mainnet-0081,0x7cc1c89bcacf01e01ea1e89f7a6cc1e1b99123d3,,EOA_CANDIDATE,False,0,9972800000000,9.972800000000,9972800000000000000,9.972800000000000000,v2RawAmount = v1RawAmount * 1000000 (12->18 decimals),PENDING_OWNER_ELIGIBILITY_APPROVAL,"Ordinary EOA candidate; inclusion still depends on V1 deprecation, threshold policy and owner approval.",False,,False,0x0000000000000000000000000000000000000000000000000000000000000000,PENDING,,,,OWNER_SELECTION_REQUIRED,OWNER_SELECTION_REQUIRED,DRAFT_NOT_EXECUTABLE
82,v1-mainnet-0082,0x2714fa2b22a63bca09d6489d4da39187a6cb6483,,EOA_CANDIDATE,False,0,9966600000000,9.966600000000,9966600000000000000,9.966600000000000000,v2RawAmount = v1RawAmount * 1000000 (12->18 decimals),PENDING_OWNER_ELIGIBILITY_APPROVAL,"Ordinary EOA candidate; inclusion still depends on V1 deprecation, threshold policy and owner approval.",False,,False,0x0000000000000000000000000000000000000000000000000000000000000000,PENDING,,,,OWNER_SELECTION_REQUIRED,OWNER_SELECTION_REQUIRED,DRAFT_NOT_EXECUTABLE
83,v1-mainnet-0083,0x1508e60df404c3d862a8860578b2af51bdbfa1a7,,EOA_CANDIDATE,False,0,9959400000000,9.959400000000,9959400000000000000,9.959400000000000000,v2RawAmount = v1RawAmount * 1000000 (12->18 decimals),PENDING_OWNER_ELIGIBILITY_APPROVAL,"Ordinary EOA candidate; inclusion still depends on V1 deprecation, threshold policy and owner approval.",False,,False,0x0000000000000000000000000000000000000000000000000000000000000000,PENDING,,,,OWNER_SELECTION_REQUIRED,OWNER_SELECTION_REQUIRED,DRAFT_NOT_EXECUTABLE
84,v1-mainnet-0084,0x5726ad4aa5f3c5f2ca4311e8008fd767d50dc5bc,,EOA_CANDIDATE,False,0,9958200000000,9.958200000000,9958200000000000000,9.958200000000000000,v2RawAmount = v1RawAmount * 1000000 (12->18 decimals),PENDING_OWNER_ELIGIBILITY_APPROVAL,"Ordinary EOA candidate; inclusion still depends on V1 deprecation, threshold policy and owner approval.",False,,False,0x0000000000000000000000000000000000000000000000000000000000000000,PENDING,,,,OWNER_SELECTION_REQUIRED,OWNER_SELECTION_REQUIRED,DRAFT_NOT_EXECUTABLE
85,v1-mainnet-0085,0x6c9dc62a484b81908a7b47471718ba4e3640c21e,,EOA_CANDIDATE,False,0,9950800000000,9.950800000000,9950800000000000000,9.950800000000000000,v2RawAmount = v1RawAmount * 1000000 (12->18 decimals),PENDING_OWNER_ELIGIBILITY_APPROVAL,"Ordinary EOA candidate; inclusion still depends on V1 deprecation, threshold policy and owner approval.",False,,False,0x0000000000000000000000000000000000000000000000000000000000000000,PENDING,,,,OWNER_SELECTION_REQUIRED,OWNER_SELECTION_REQUIRED,DRAFT_NOT_EXECUTABLE
86,v1-mainnet-0086,0xb2dac8b3acbe2ad660fe3ccb24d6dcf9803a6e48,,EOA_CANDIDATE,False,0,9880700000000,9.880700000000,9880700000000000000,9.880700000000000000,v2RawAmount = v1RawAmount * 1000000 (12->18 decimals),PENDING_OWNER_ELIGIBILITY_APPROVAL,"Ordinary EOA candidate; inclusion still depends on V1 deprecation, threshold policy and owner approval.",False,,False,0x0000000000000000000000000000000000000000000000000000000000000000,PENDING,,,,OWNER_SELECTION_REQUIRED,OWNER_SELECTION_REQUIRED,DRAFT_NOT_EXECUTABLE
87,v1-mainnet-0087,0x5512b92d3e281ae134a6e1504abb66efe04a7370,,EOA_CANDIDATE,False,0,9880200000000,9.880200000000,9880200000000000000,9.880200000000000000,v2RawAmount = v1RawAmount * 1000000 (12->18 decimals),PENDING_OWNER_ELIGIBILITY_APPROVAL,"Ordinary EOA candidate; inclusion still depends on V1 deprecation, threshold policy and owner approval.",False,,False,0x0000000000000000000000000000000000000000000000000000000000000000,PENDING,,,,OWNER_SELECTION_REQUIRED,OWNER_SELECTION_REQUIRED,DRAFT_NOT_EXECUTABLE
88,v1-mainnet-0088,0x56e940967aba3be1d0dfbc2ed8bf1475d7e5f524,,EOA_CANDIDATE,False,0,9875600000000,9.875600000000,9875600000000000000,9.875600000000000000,v2RawAmount = v1RawAmount * 1000000 (12->18 decimals),PENDING_OWNER_ELIGIBILITY_APPROVAL,"Ordinary EOA candidate; inclusion still depends on V1 deprecation, threshold policy and owner approval.",False,,False,0x0000000000000000000000000000000000000000000000000000000000000000,PENDING,,,,OWNER_SELECTION_REQUIRED,OWNER_SELECTION_REQUIRED,DRAFT_NOT_EXECUTABLE
89,v1-mainnet-0089,0xcc7e24bc5c5a155b46582475f9fa73fb4fa845b3,,EOA_CANDIDATE,False,0,9848200000000,9.848200000000,9848200000000000000,9.848200000000000000,v2RawAmount = v1RawAmount * 1000000 (12->18 decimals),PENDING_OWNER_ELIGIBILITY_APPROVAL,"Ordinary EOA candidate; inclusion still depends on V1 deprecation, threshold policy and owner approval.",False,,False,0x0000000000000000000000000000000000000000000000000000000000000000,PENDING,,,,OWNER_SELECTION_REQUIRED,OWNER_SELECTION_REQUIRED,DRAFT_NOT_EXECUTABLE
90,v1-mainnet-0090,0xa3e1a5c87e7ec40e77370d2a3d1c63fa3aac065a,,EOA_CANDIDATE,False,0,9839900000000,9.839900000000,9839900000000000000,9.839900000000000000,v2RawAmount = v1RawAmount * 1000000 (12->18 decimals),PENDING_OWNER_ELIGIBILITY_APPROVAL,"Ordinary EOA candidate; inclusion still depends on V1 deprecation, threshold policy and owner approval.",False,,False,0x0000000000000000000000000000000000000000000000000000000000000000,PENDING,,,,OWNER_SELECTION_REQUIRED,OWNER_SELECTION_REQUIRED,DRAFT_NOT_EXECUTABLE
91,v1-mainnet-0091,0xe4ad29e3dd530c3b69f5387bcc55238a09b56584,,EOA_CANDIDATE,False,0,9823500000000,9.823500000000,9823500000000000000,9.823500000000000000,v2RawAmount = v1RawAmount * 1000000 (12->18 decimals),PENDING_OWNER_ELIGIBILITY_APPROVAL,"Ordinary EOA candidate; inclusion still depends on V1 deprecation, threshold policy and owner approval.",False,,False,0x0000000000000000000000000000000000000000000000000000000000000000,PENDING,,,,OWNER_SELECTION_REQUIRED,OWNER_SELECTION_REQUIRED,DRAFT_NOT_EXECUTABLE
92,v1-mainnet-0092,0x90b56c2f2716c06db55cc5017b8903439858d53a,,EOA_CANDIDATE,False,0,9810500000000,9.810500000000,9810500000000000000,9.810500000000000000,v2RawAmount = v1RawAmount * 1000000 (12->18 decimals),PENDING_OWNER_ELIGIBILITY_APPROVAL,"Ordinary EOA candidate; inclusion still depends on V1 deprecation, threshold policy and owner approval.",False,,False,0x0000000000000000000000000000000000000000000000000000000000000000,PENDING,,,,OWNER_SELECTION_REQUIRED,OWNER_SELECTION_REQUIRED,DRAFT_NOT_EXECUTABLE
93,v1-mainnet-0093,0x27a0e43f459bf8e330eb4e993cade098348ac6a1,,EOA_CANDIDATE,False,0,9795000000000,9.795000000000,9795000000000000000,9.795000000000000000,v2RawAmount = v1RawAmount * 1000000 (12->18 decimals),PENDING_OWNER_ELIGIBILITY_APPROVAL,"Ordinary EOA candidate; inclusion still depends on V1 deprecation, threshold policy and owner approval.",False,,False,0x0000000000000000000000000000000000000000000000000000000000000000,PENDING,,,,OWNER_SELECTION_REQUIRED,OWNER_SELECTION_REQUIRED,DRAFT_NOT_EXECUTABLE
94,v1-mainnet-0094,0xb6512fb46aabd556241266aa3e7e50478f7bafed,,EOA_CANDIDATE,False,0,9729900000000,9.729900000000,9729900000000000000,9.729900000000000000,v2RawAmount = v1RawAmount * 1000000 (12->18 decimals),PENDING_OWNER_ELIGIBILITY_APPROVAL,"Ordinary EOA candidate; inclusion still depends on V1 deprecation, threshold policy and owner approval.",False,,False,0x0000000000000000000000000000000000000000000000000000000000000000,PENDING,,,,OWNER_SELECTION_REQUIRED,OWNER_SELECTION_REQUIRED,DRAFT_NOT_EXECUTABLE
95,v1-mainnet-0095,0xdbe41966c6160335c4aa28df0f0bf6830ea30118,,EOA_CANDIDATE,False,0,9702200000000,9.702200000000,9702200000000000000,9.702200000000000000,v2RawAmount = v1RawAmount * 1000000 (12->18 decimals),PENDING_OWNER_ELIGIBILITY_APPROVAL,"Ordinary EOA candidate; inclusion still depends on V1 deprecation, threshold policy and owner approval.",False,,False,0x0000000000000000000000000000000000000000000000000000000000000000,PENDING,,,,OWNER_SELECTION_REQUIRED,OWNER_SELECTION_REQUIRED,DRAFT_NOT_EXECUTABLE
96,v1-mainnet-0096,0xb4d4b1acc6550bab0606eaf52d106dd48bcbefc0,,EOA_CANDIDATE,False,0,9669400000000,9.669400000000,9669400000000000000,9.669400000000000000,v2RawAmount = v1RawAmount * 1000000 (12->18 decimals),PENDING_OWNER_ELIGIBILITY_APPROVAL,"Ordinary EOA candidate; inclusion still depends on V1 deprecation, threshold policy and owner approval.",False,,False,0x0000000000000000000000000000000000000000000000000000000000000000,PENDING,,,,OWNER_SELECTION_REQUIRED,OWNER_SELECTION_REQUIRED,DRAFT_NOT_EXECUTABLE
97,v1-mainnet-0097,0xbf281a0a178ed320e9222b3e74fad3b8172a1ee6,,EOA_CANDIDATE,False,0,9653700000000,9.653700000000,9653700000000000000,9.653700000000000000,v2RawAmount = v1RawAmount * 1000000 (12->18 decimals),PENDING_OWNER_ELIGIBILITY_APPROVAL,"Ordinary EOA candidate; inclusion still depends on V1 deprecation, threshold policy and owner approval.",False,,False,0x0000000000000000000000000000000000000000000000000000000000000000,PENDING,,,,OWNER_SELECTION_REQUIRED,OWNER_SELECTION_REQUIRED,DRAFT_NOT_EXECUTABLE
98,v1-mainnet-0098,0x7e2362c50d4506032d66b445f4873527c21e7a13,,EOA_CANDIDATE,False,0,9651900000000,9.651900000000,9651900000000000000,9.651900000000000000,v2RawAmount = v1RawAmount * 1000000 (12->18 decimals),PENDING_OWNER_ELIGIBILITY_APPROVAL,"Ordinary EOA candidate; inclusion still depends on V1 deprecation, threshold policy and owner approval.",False,,False,0x0000000000000000000000000000000000000000000000000000000000000000,PENDING,,,,OWNER_SELECTION_REQUIRED,OWNER_SELECTION_REQUIRED,DRAFT_NOT_EXECUTABLE
99,v1-mainnet-0099,0x79f32d20da5306b62c30373776ef26c294d301f9,,EOA_CANDIDATE,False,0,9642200000000,9.642200000000,9642200000000000000,9.642200000000000000,v2RawAmount = v1RawAmount * 1000000 (12->18 decimals),PENDING_OWNER_ELIGIBILITY_APPROVAL,"Ordinary EOA candidate; inclusion still depends on V1 deprecation, threshold policy and owner approval.",False,,False,0x0000000000000000000000000000000000000000000000000000000000000000,PENDING,,,,OWNER_SELECTION_REQUIRED,OWNER_SELECTION_REQUIRED,DRAFT_NOT_EXECUTABLE
100,v1-mainnet-0100,0x7d7d1d0226df170734fa2c9bab2bb749346fc3ed,,EOA_CANDIDATE,False,0,9640500000000,9.640500000000,9640500000000000000,9.640500000000000000,v2RawAmount = v1RawAmount * 1000000 (12->18 decimals),PENDING_OWNER_ELIGIBILITY_APPROVAL,"Ordinary EOA candidate; inclusion still depends on V1 deprecation, threshold policy and owner approval.",False,,False,0x0000000000000000000000000000000000000000000000000000000000000000,PENDING,,,,OWNER_SELECTION_REQUIRED,OWNER_SELECTION_REQUIRED,DRAFT_NOT_EXECUTABLE
101,v1-mainnet-0101,0xa33c44baaeafb555d53f171f5edf27856e96b2fc,,EOA_CANDIDATE,False,0,9628700000000,9.628700000000,9628700000000000000,9.628700000000000000,v2RawAmount = v1RawAmount * 1000000 (12->18 decimals),PENDING_OWNER_ELIGIBILITY_APPROVAL,"Ordinary EOA candidate; inclusion still depends on V1 deprecation, threshold policy and owner approval.",False,,False,0x0000000000000000000000000000000000000000000000000000000000000000,PENDING,,,,OWNER_SELECTION_REQUIRED,OWNER_SELECTION_REQUIRED,DRAFT_NOT_EXECUTABLE
102,v1-mainnet-0102,0x2a3ad312ea9d51c839662f6272efbb46ecfae605,,EOA_CANDIDATE,False,0,9600400000000,9.600400000000,9600400000000000000,9.600400000000000000,v2RawAmount = v1RawAmount * 1000000 (12->18 decimals),PENDING_OWNER_ELIGIBILITY_APPROVAL,"Ordinary EOA candidate; inclusion still depends on V1 deprecation, threshold policy and owner approval.",False,,False,0x0000000000000000000000000000000000000000000000000000000000000000,PENDING,,,,OWNER_SELECTION_REQUIRED,OWNER_SELECTION_REQUIRED,DRAFT_NOT_EXECUTABLE
103,v1-mainnet-0103,0x51f48b36c560e3ee0b5d6e5220d2554e6a7a078c,,EOA_CANDIDATE,False,0,9596900000000,9.596900000000,9596900000000000000,9.596900000000000000,v2RawAmount = v1RawAmount * 1000000 (12->18 decimals),PENDING_OWNER_ELIGIBILITY_APPROVAL,"Ordinary EOA candidate; inclusion still depends on V1 deprecation, threshold policy and owner approval.",False,,False,0x0000000000000000000000000000000000000000000000000000000000000000,PENDING,,,,OWNER_SELECTION_REQUIRED,OWNER_SELECTION_REQUIRED,DRAFT_NOT_EXECUTABLE
104,v1-mainnet-0104,0x7a84fc071d1c374109006377b044d9c641eb9950,,EOA_CANDIDATE,False,0,9559800000000,9.559800000000,9559800000000000000,9.559800000000000000,v2RawAmount = v1RawAmount * 1000000 (12->18 decimals),PENDING_OWNER_ELIGIBILITY_APPROVAL,"Ordinary EOA candidate; inclusion still depends on V1 deprecation, threshold policy and owner approval.",False,,False,0x0000000000000000000000000000000000000000000000000000000000000000,PENDING,,,,OWNER_SELECTION_REQUIRED,OWNER_SELECTION_REQUIRED,DRAFT_NOT_EXECUTABLE
105,v1-mainnet-0105,0x0ed455f94514a6a575c3f138e7087c16e6bd9d85,,EOA_CANDIDATE,False,0,9553500000000,9.553500000000,9553500000000000000,9.553500000000000000,v2RawAmount = v1RawAmount * 1000000 (12->18 decimals),PENDING_OWNER_ELIGIBILITY_APPROVAL,"Ordinary EOA candidate; inclusion still depends on V1 deprecation, threshold policy and owner approval.",False,,False,0x0000000000000000000000000000000000000000000000000000000000000000,PENDING,,,,OWNER_SELECTION_REQUIRED,OWNER_SELECTION_REQUIRED,DRAFT_NOT_EXECUTABLE
106,v1-mainnet-0106,0x4e5f00644cb86aeeb35194bbe6d91320e07705fc,,EOA_CANDIDATE,False,0,9488700000000,9.488700000000,9488700000000000000,9.488700000000000000,v2RawAmount = v1RawAmount * 1000000 (12->18 decimals),PENDING_OWNER_ELIGIBILITY_APPROVAL,"Ordinary EOA candidate; inclusion still depends on V1 deprecation, threshold policy and owner approval.",False,,False,0x0000000000000000000000000000000000000000000000000000000000000000,PENDING,,,,OWNER_SELECTION_REQUIRED,OWNER_SELECTION_REQUIRED,DRAFT_NOT_EXECUTABLE
107,v1-mainnet-0107,0xe4dd5526b14116c889cf2e2279f662e8079c3a1b,,EOA_CANDIDATE,False,0,9488100000000,9.488100000000,9488100000000000000,9.488100000000000000,v2RawAmount = v1RawAmount * 1000000 (12->18 decimals),PENDING_OWNER_ELIGIBILITY_APPROVAL,"Ordinary EOA candidate; inclusion still depends on V1 deprecation, threshold policy and owner approval.",False,,False,0x0000000000000000000000000000000000000000000000000000000000000000,PENDING,,,,OWNER_SELECTION_REQUIRED,OWNER_SELECTION_REQUIRED,DRAFT_NOT_EXECUTABLE
108,v1-mainnet-0108,0x0e4972cbc839ce130d28fcc744ad6261b71dd575,,EOA_CANDIDATE,False,0,9485900000000,9.485900000000,9485900000000000000,9.485900000000000000,v2RawAmount = v1RawAmount * 1000000 (12->18 decimals),PENDING_OWNER_ELIGIBILITY_APPROVAL,"Ordinary EOA candidate; inclusion still depends on V1 deprecation, threshold policy and owner approval.",False,,False,0x0000000000000000000000000000000000000000000000000000000000000000,PENDING,,,,OWNER_SELECTION_REQUIRED,OWNER_SELECTION_REQUIRED,DRAFT_NOT_EXECUTABLE
109,v1-mainnet-0109,0x78a56418af7283588618ee7fbc2fe8e94643f245,,EOA_CANDIDATE,False,0,9483100000000,9.483100000000,9483100000000000000,9.483100000000000000,v2RawAmount = v1RawAmount * 1000000 (12->18 decimals),PENDING_OWNER_ELIGIBILITY_APPROVAL,"Ordinary EOA candidate; inclusion still depends on V1 deprecation, threshold policy and owner approval.",False,,False,0x0000000000000000000000000000000000000000000000000000000000000000,PENDING,,,,OWNER_SELECTION_REQUIRED,OWNER_SELECTION_REQUIRED,DRAFT_NOT_EXECUTABLE
110,v1-mainnet-0110,0xd44886a2498ce8e28ad1baeeaa6574904bc0d185,,EOA_CANDIDATE,False,0,9466000000000,9.466000000000,9466000000000000000,9.466000000000000000,v2RawAmount = v1RawAmount * 1000000 (12->18 decimals),PENDING_OWNER_ELIGIBILITY_APPROVAL,"Ordinary EOA candidate; inclusion still depends on V1 deprecation, threshold policy and owner approval.",False,,False,0x0000000000000000000000000000000000000000000000000000000000000000,PENDING,,,,OWNER_SELECTION_REQUIRED,OWNER_SELECTION_REQUIRED,DRAFT_NOT_EXECUTABLE
111,v1-mainnet-0111,0x0d150a3dd58e316270ebbcea3f3dc69cf5883e08,,EOA_CANDIDATE,False,0,9434700000000,9.434700000000,9434700000000000000,9.434700000000000000,v2RawAmount = v1RawAmount * 1000000 (12->18 decimals),PENDING_OWNER_ELIGIBILITY_APPROVAL,"Ordinary EOA candidate; inclusion still depends on V1 deprecation, threshold policy and owner approval.",False,,False,0x0000000000000000000000000000000000000000000000000000000000000000,PENDING,,,,OWNER_SELECTION_REQUIRED,OWNER_SELECTION_REQUIRED,DRAFT_NOT_EXECUTABLE
112,v1-mainnet-0112,0xa36674a0ba3c0f3826c4c48c0c2550fe8fc16fb8,,EOA_CANDIDATE,False,0,9424900000000,9.424900000000,9424900000000000000,9.424900000000000000,v2RawAmount = v1RawAmount * 1000000 (12->18 decimals),PENDING_OWNER_ELIGIBILITY_APPROVAL,"Ordinary EOA candidate; inclusion still depends on V1 deprecation, threshold policy and owner approval.",False,,False,0x0000000000000000000000000000000000000000000000000000000000000000,PENDING,,,,OWNER_SELECTION_REQUIRED,OWNER_SELECTION_REQUIRED,DRAFT_NOT_EXECUTABLE
113,v1-mainnet-0113,0x344722ab1acc7ce89e310716de465a636899f38d,,EOA_CANDIDATE,False,0,9405800000000,9.405800000000,9405800000000000000,9.405800000000000000,v2RawAmount = v1RawAmount * 1000000 (12->18 decimals),PENDING_OWNER_ELIGIBILITY_APPROVAL,"Ordinary EOA candidate; inclusion still depends on V1 deprecation, threshold policy and owner approval.",False,,False,0x0000000000000000000000000000000000000000000000000000000000000000,PENDING,,,,OWNER_SELECTION_REQUIRED,OWNER_SELECTION_REQUIRED,DRAFT_NOT_EXECUTABLE
114,v1-mainnet-0114,0x0c992dc61fa747fdcbe5aac7fe1d4d1efbd5c86f,,EOA_CANDIDATE,False,0,9396500000000,9.396500000000,9396500000000000000,9.396500000000000000,v2RawAmount = v1RawAmount * 1000000 (12->18 decimals),PENDING_OWNER_ELIGIBILITY_APPROVAL,"Ordinary EOA candidate; inclusion still depends on V1 deprecation, threshold policy and owner approval.",False,,False,0x0000000000000000000000000000000000000000000000000000000000000000,PENDING,,,,OWNER_SELECTION_REQUIRED,OWNER_SELECTION_REQUIRED,DRAFT_NOT_EXECUTABLE
115,v1-mainnet-0115,0xc9795bf13962275aaee6f20d2717a659305317a1,,EOA_CANDIDATE,False,0,9379400000000,9.379400000000,9379400000000000000,9.379400000000000000,v2RawAmount = v1RawAmount * 1000000 (12->18 decimals),PENDING_OWNER_ELIGIBILITY_APPROVAL,"Ordinary EOA candidate; inclusion still depends on V1 deprecation, threshold policy and owner approval.",False,,False,0x0000000000000000000000000000000000000000000000000000000000000000,PENDING,,,,OWNER_SELECTION_REQUIRED,OWNER_SELECTION_REQUIRED,DRAFT_NOT_EXECUTABLE
116,v1-mainnet-0116,0x5ee73ec76a59b7e4ae204f7c6d2a00c717eb554c,,EOA_CANDIDATE,False,0,9362000000000,9.362000000000,9362000000000000000,9.362000000000000000,v2RawAmount = v1RawAmount * 1000000 (12->18 decimals),PENDING_OWNER_ELIGIBILITY_APPROVAL,"Ordinary EOA candidate; inclusion still depends on V1 deprecation, threshold policy and owner approval.",False,,False,0x0000000000000000000000000000000000000000000000000000000000000000,PENDING,,,,OWNER_SELECTION_REQUIRED,OWNER_SELECTION_REQUIRED,DRAFT_NOT_EXECUTABLE
117,v1-mainnet-0117,0xbe8a46617dd74c2cb454b43d60be3602bc082bf4,,EOA_CANDIDATE,False,0,9336700000000,9.336700000000,9336700000000000000,9.336700000000000000,v2RawAmount = v1RawAmount * 1000000 (12->18 decimals),PENDING_OWNER_ELIGIBILITY_APPROVAL,"Ordinary EOA candidate; inclusion still depends on V1 deprecation, threshold policy and owner approval.",False,,False,0x0000000000000000000000000000000000000000000000000000000000000000,PENDING,,,,OWNER_SELECTION_REQUIRED,OWNER_SELECTION_REQUIRED,DRAFT_NOT_EXECUTABLE
118,v1-mainnet-0118,0x9d29bb0ba5e5a3e3f63c3332681e879ae82ccd5d,,EOA_CANDIDATE,False,0,9331300000000,9.331300000000,9331300000000000000,9.331300000000000000,v2RawAmount = v1RawAmount * 1000000 (12->18 decimals),PENDING_OWNER_ELIGIBILITY_APPROVAL,"Ordinary EOA candidate; inclusion still depends on V1 deprecation, threshold policy and owner approval.",False,,False,0x0000000000000000000000000000000000000000000000000000000000000000,PENDING,,,,OWNER_SELECTION_REQUIRED,OWNER_SELECTION_REQUIRED,DRAFT_NOT_EXECUTABLE
119,v1-mainnet-0119,0x5642e33f458a18a45780ea8a7b20e719de61ca67,,EOA_CANDIDATE,False,0,9312500000000,9.312500000000,9312500000000000000,9.312500000000000000,v2RawAmount = v1RawAmount * 1000000 (12->18 decimals),PENDING_OWNER_ELIGIBILITY_APPROVAL,"Ordinary EOA candidate; inclusion still depends on V1 deprecation, threshold policy and owner approval.",False,,False,0x0000000000000000000000000000000000000000000000000000000000000000,PENDING,,,,OWNER_SELECTION_REQUIRED,OWNER_SELECTION_REQUIRED,DRAFT_NOT_EXECUTABLE
120,v1-mainnet-0120,0xf2b944df0cdf0b03d5fa957205fd6d56f2bd8ade,,EOA_CANDIDATE,False,0,9309800000000,9.309800000000,9309800000000000000,9.309800000000000000,v2RawAmount = v1RawAmount * 1000000 (12->18 decimals),PENDING_OWNER_ELIGIBILITY_APPROVAL,"Ordinary EOA candidate; inclusion still depends on V1 deprecation, threshold policy and owner approval.",False,,False,0x0000000000000000000000000000000000000000000000000000000000000000,PENDING,,,,OWNER_SELECTION_REQUIRED,OWNER_SELECTION_REQUIRED,DRAFT_NOT_EXECUTABLE
121,v1-mainnet-0121,0x9b4252649f043ef520365e4150b65ecd7522fa8d,,EOA_CANDIDATE,False,0,9298100000000,9.298100000000,9298100000000000000,9.298100000000000000,v2RawAmount = v1RawAmount * 1000000 (12->18 decimals),PENDING_OWNER_ELIGIBILITY_APPROVAL,"Ordinary EOA candidate; inclusion still depends on V1 deprecation, threshold policy and owner approval.",False,,False,0x0000000000000000000000000000000000000000000000000000000000000000,PENDING,,,,OWNER_SELECTION_REQUIRED,OWNER_SELECTION_REQUIRED,DRAFT_NOT_EXECUTABLE
122,v1-mainnet-0122,0x18adcd4fb326e3346949209fadd6f0e5945405cf,,EOA_CANDIDATE,False,0,9285300000000,9.285300000000,9285300000000000000,9.285300000000000000,v2RawAmount = v1RawAmount * 1000000 (12->18 decimals),PENDING_OWNER_ELIGIBILITY_APPROVAL,"Ordinary EOA candidate; inclusion still depends on V1 deprecation, threshold policy and owner approval.",False,,False,0x0000000000000000000000000000000000000000000000000000000000000000,PENDING,,,,OWNER_SELECTION_REQUIRED,OWNER_SELECTION_REQUIRED,DRAFT_NOT_EXECUTABLE
123,v1-mainnet-0123,0x1f06d8a80b615bb9c3cf368ef0e11896f3b55eff,,EOA_CANDIDATE,False,0,9279400000000,9.279400000000,9279400000000000000,9.279400000000000000,v2RawAmount = v1RawAmount * 1000000 (12->18 decimals),PENDING_OWNER_ELIGIBILITY_APPROVAL,"Ordinary EOA candidate; inclusion still depends on V1 deprecation, threshold policy and owner approval.",False,,False,0x0000000000000000000000000000000000000000000000000000000000000000,PENDING,,,,OWNER_SELECTION_REQUIRED,OWNER_SELECTION_REQUIRED,DRAFT_NOT_EXECUTABLE
124,v1-mainnet-0124,0xa9a60541fe89d16de9027c83d8fc11f8ce145e61,,EOA_CANDIDATE,False,0,9276000000000,9.276000000000,9276000000000000000,9.276000000000000000,v2RawAmount = v1RawAmount * 1000000 (12->18 decimals),PENDING_OWNER_ELIGIBILITY_APPROVAL,"Ordinary EOA candidate; inclusion still depends on V1 deprecation, threshold policy and owner approval.",False,,False,0x0000000000000000000000000000000000000000000000000000000000000000,PENDING,,,,OWNER_SELECTION_REQUIRED,OWNER_SELECTION_REQUIRED,DRAFT_NOT_EXECUTABLE
125,v1-mainnet-0125,0x1a86d0f56a4edd5d8e6123fb7da34d1156560d7a,,EOA_CANDIDATE,False,0,9267900000000,9.267900000000,9267900000000000000,9.267900000000000000,v2RawAmount = v1RawAmount * 1000000 (12->18 decimals),PENDING_OWNER_ELIGIBILITY_APPROVAL,"Ordinary EOA candidate; inclusion still depends on V1 deprecation, threshold policy and owner approval.",False,,False,0x0000000000000000000000000000000000000000000000000000000000000000,PENDING,,,,OWNER_SELECTION_REQUIRED,OWNER_SELECTION_REQUIRED,DRAFT_NOT_EXECUTABLE
126,v1-mainnet-0126,0x6eb4ad11e5c93a101cb2e2a0114eb45ad411ec51,,EOA_CANDIDATE,False,0,9245200000000,9.245200000000,9245200000000000000,9.245200000000000000,v2RawAmount = v1RawAmount * 1000000 (12->18 decimals),PENDING_OWNER_ELIGIBILITY_APPROVAL,"Ordinary EOA candidate; inclusion still depends on V1 deprecation, threshold policy and owner approval.",False,,False,0x0000000000000000000000000000000000000000000000000000000000000000,PENDING,,,,OWNER_SELECTION_REQUIRED,OWNER_SELECTION_REQUIRED,DRAFT_NOT_EXECUTABLE
127,v1-mainnet-0127,0xd699e1a5c81bedd6df6cef9d0f6d174ce481e804,,EOA_CANDIDATE,False,0,9243100000000,9.243100000000,9243100000000000000,9.243100000000000000,v2RawAmount = v1RawAmount * 1000000 (12->18 decimals),PENDING_OWNER_ELIGIBILITY_APPROVAL,"Ordinary EOA candidate; inclusion still depends on V1 deprecation, threshold policy and owner approval.",False,,False,0x0000000000000000000000000000000000000000000000000000000000000000,PENDING,,,,OWNER_SELECTION_REQUIRED,OWNER_SELECTION_REQUIRED,DRAFT_NOT_EXECUTABLE
128,v1-mainnet-0128,0x470896e5b25204fdd22c336ca5de6efe85976163,,EOA_CANDIDATE,False,0,9226800000000,9.226800000000,9226800000000000000,9.226800000000000000,v2RawAmount = v1RawAmount * 1000000 (12->18 decimals),PENDING_OWNER_ELIGIBILITY_APPROVAL,"Ordinary EOA candidate; inclusion still depends on V1 deprecation, threshold policy and owner approval.",False,,False,0x0000000000000000000000000000000000000000000000000000000000000000,PENDING,,,,OWNER_SELECTION_REQUIRED,OWNER_SELECTION_REQUIRED,DRAFT_NOT_EXECUTABLE
129,v1-mainnet-0129,0xeb0fd8ec0dc3b7a1771cb6cf35d77af219b6a8b6,,EOA_CANDIDATE,False,0,9223600000000,9.223600000000,9223600000000000000,9.223600000000000000,v2RawAmount = v1RawAmount * 1000000 (12->18 decimals),PENDING_OWNER_ELIGIBILITY_APPROVAL,"Ordinary EOA candidate; inclusion still depends on V1 deprecation, threshold policy and owner approval.",False,,False,0x0000000000000000000000000000000000000000000000000000000000000000,PENDING,,,,OWNER_SELECTION_REQUIRED,OWNER_SELECTION_REQUIRED,DRAFT_NOT_EXECUTABLE
130,v1-mainnet-0130,0xae52131d06eafa56c3b384f0eaf5300bc847855e,,EOA_CANDIDATE,False,0,9169300000000,9.169300000000,9169300000000000000,9.169300000000000000,v2RawAmount = v1RawAmount * 1000000 (12->18 decimals),PENDING_OWNER_ELIGIBILITY_APPROVAL,"Ordinary EOA candidate; inclusion still depends on V1 deprecation, threshold policy and owner approval.",False,,False,0x0000000000000000000000000000000000000000000000000000000000000000,PENDING,,,,OWNER_SELECTION_REQUIRED,OWNER_SELECTION_REQUIRED,DRAFT_NOT_EXECUTABLE
131,v1-mainnet-0131,0xbfd48134d237150ccdb788eb95cb0a4bf31e71f3,,EOA_CANDIDATE,False,0,9169100000000,9.169100000000,9169100000000000000,9.169100000000000000,v2RawAmount = v1RawAmount * 1000000 (12->18 decimals),PENDING_OWNER_ELIGIBILITY_APPROVAL,"Ordinary EOA candidate; inclusion still depends on V1 deprecation, threshold policy and owner approval.",False,,False,0x0000000000000000000000000000000000000000000000000000000000000000,PENDING,,,,OWNER_SELECTION_REQUIRED,OWNER_SELECTION_REQUIRED,DRAFT_NOT_EXECUTABLE
132,v1-mainnet-0132,0xa0ab98ea5b0891ecf159ff17682ca608292f5c8d,,EOA_CANDIDATE,False,0,9167500000000,9.167500000000,9167500000000000000,9.167500000000000000,v2RawAmount = v1RawAmount * 1000000 (12->18 decimals),PENDING_OWNER_ELIGIBILITY_APPROVAL,"Ordinary EOA candidate; inclusion still depends on V1 deprecation, threshold policy and owner approval.",False,,False,0x0000000000000000000000000000000000000000000000000000000000000000,PENDING,,,,OWNER_SELECTION_REQUIRED,OWNER_SELECTION_REQUIRED,DRAFT_NOT_EXECUTABLE
133,v1-mainnet-0133,0x26259c601b2a12337444bd590d46023cef7c67d0,,EOA_CANDIDATE,False,0,9141900000000,9.141900000000,9141900000000000000,9.141900000000000000,v2RawAmount = v1RawAmount * 1000000 (12->18 decimals),PENDING_OWNER_ELIGIBILITY_APPROVAL,"Ordinary EOA candidate; inclusion still depends on V1 deprecation, threshold policy and owner approval.",False,,False,0x0000000000000000000000000000000000000000000000000000000000000000,PENDING,,,,OWNER_SELECTION_REQUIRED,OWNER_SELECTION_REQUIRED,DRAFT_NOT_EXECUTABLE
134,v1-mainnet-0134,0xb17a015a3d2cceea8f8683312923ca2ee0b8217d,,EOA_CANDIDATE,False,0,9141000000000,9.141000000000,9141000000000000000,9.141000000000000000,v2RawAmount = v1RawAmount * 1000000 (12->18 decimals),PENDING_OWNER_ELIGIBILITY_APPROVAL,"Ordinary EOA candidate; inclusion still depends on V1 deprecation, threshold policy and owner approval.",False,,False,0x0000000000000000000000000000000000000000000000000000000000000000,PENDING,,,,OWNER_SELECTION_REQUIRED,OWNER_SELECTION_REQUIRED,DRAFT_NOT_EXECUTABLE
135,v1-mainnet-0135,0x0f4aa1db7553380424508bea4380e8d94db9e108,,EOA_CANDIDATE,False,0,9127600000000,9.127600000000,9127600000000000000,9.127600000000000000,v2RawAmount = v1RawAmount * 1000000 (12->18 decimals),PENDING_OWNER_ELIGIBILITY_APPROVAL,"Ordinary EOA candidate; inclusion still depends on V1 deprecation, threshold policy and owner approval.",False,,False,0x0000000000000000000000000000000000000000000000000000000000000000,PENDING,,,,OWNER_SELECTION_REQUIRED,OWNER_SELECTION_REQUIRED,DRAFT_NOT_EXECUTABLE
136,v1-mainnet-0136,0x3e48bb2a2525dc49a8c73b0c3a25a7f04ae6d2c2,,EOA_CANDIDATE,False,0,9115200000000,9.115200000000,9115200000000000000,9.115200000000000000,v2RawAmount = v1RawAmount * 1000000 (12->18 decimals),PENDING_OWNER_ELIGIBILITY_APPROVAL,"Ordinary EOA candidate; inclusion still depends on V1 deprecation, threshold policy and owner approval.",False,,False,0x0000000000000000000000000000000000000000000000000000000000000000,PENDING,,,,OWNER_SELECTION_REQUIRED,OWNER_SELECTION_REQUIRED,DRAFT_NOT_EXECUTABLE
137,v1-mainnet-0137,0xeb274368dd5eebe016af98d59ac76d3c2e8aa8ab,,EOA_CANDIDATE,False,0,9040400000000,9.040400000000,9040400000000000000,9.040400000000000000,v2RawAmount = v1RawAmount * 1000000 (12->18 decimals),PENDING_OWNER_ELIGIBILITY_APPROVAL,"Ordinary EOA candidate; inclusion still depends on V1 deprecation, threshold policy and owner approval.",False,,False,0x0000000000000000000000000000000000000000000000000000000000000000,PENDING,,,,OWNER_SELECTION_REQUIRED,OWNER_SELECTION_REQUIRED,DRAFT_NOT_EXECUTABLE
138,v1-mainnet-0138,0x18ea4ee55ce71b8ab1450d9d6926c4990d1f2059,,EOA_CANDIDATE,False,0,9022800000000,9.022800000000,9022800000000000000,9.022800000000000000,v2RawAmount = v1RawAmount * 1000000 (12->18 decimals),PENDING_OWNER_ELIGIBILITY_APPROVAL,"Ordinary EOA candidate; inclusion still depends on V1 deprecation, threshold policy and owner approval.",False,,False,0x0000000000000000000000000000000000000000000000000000000000000000,PENDING,,,,OWNER_SELECTION_REQUIRED,OWNER_SELECTION_REQUIRED,DRAFT_NOT_EXECUTABLE
139,v1-mainnet-0139,0x00dcd6ce82a7cc58112b0e3e3ea61160f2d5fdc6,,EOA_CANDIDATE,False,0,9008000000000,9.008000000000,9008000000000000000,9.008000000000000000,v2RawAmount = v1RawAmount * 1000000 (12->18 decimals),PENDING_OWNER_ELIGIBILITY_APPROVAL,"Ordinary EOA candidate; inclusion still depends on V1 deprecation, threshold policy and owner approval.",False,,False,0x0000000000000000000000000000000000000000000000000000000000000000,PENDING,,,,OWNER_SELECTION_REQUIRED,OWNER_SELECTION_REQUIRED,DRAFT_NOT_EXECUTABLE
140,v1-mainnet-0140,0x17503a8ff45719cbf4f518f186b8b49b9b8deb0f,,EOA_CANDIDATE,False,0,8976300000000,8.976300000000,8976300000000000000,8.976300000000000000,v2RawAmount = v1RawAmount * 1000000 (12->18 decimals),PENDING_OWNER_ELIGIBILITY_APPROVAL,"Ordinary EOA candidate; inclusion still depends on V1 deprecation, threshold policy and owner approval.",False,,False,0x0000000000000000000000000000000000000000000000000000000000000000,PENDING,,,,OWNER_SELECTION_REQUIRED,OWNER_SELECTION_REQUIRED,DRAFT_NOT_EXECUTABLE
141,v1-mainnet-0141,0xbf58c606f8249aa2cf17a72fae161f355e5ee445,,EOA_CANDIDATE,False,0,8973700000000,8.973700000000,8973700000000000000,8.973700000000000000,v2RawAmount = v1RawAmount * 1000000 (12->18 decimals),PENDING_OWNER_ELIGIBILITY_APPROVAL,"Ordinary EOA candidate; inclusion still depends on V1 deprecation, threshold policy and owner approval.",False,,False,0x0000000000000000000000000000000000000000000000000000000000000000,PENDING,,,,OWNER_SELECTION_REQUIRED,OWNER_SELECTION_REQUIRED,DRAFT_NOT_EXECUTABLE
142,v1-mainnet-0142,0x8fb8fe47d8523b592e29b8e75e6e0db90b9b12e8,,EOA_CANDIDATE,False,0,8935500000000,8.935500000000,8935500000000000000,8.935500000000000000,v2RawAmount = v1RawAmount * 1000000 (12->18 decimals),PENDING_OWNER_ELIGIBILITY_APPROVAL,"Ordinary EOA candidate; inclusion still depends on V1 deprecation, threshold policy and owner approval.",False,,False,0x0000000000000000000000000000000000000000000000000000000000000000,PENDING,,,,OWNER_SELECTION_REQUIRED,OWNER_SELECTION_REQUIRED,DRAFT_NOT_EXECUTABLE
143,v1-mainnet-0143,0x643de75963be4ba68c58c6c0f22da2ad94f3cd48,,EOA_CANDIDATE,False,0,8916700000000,8.916700000000,8916700000000000000,8.916700000000000000,v2RawAmount = v1RawAmount * 1000000 (12->18 decimals),PENDING_OWNER_ELIGIBILITY_APPROVAL,"Ordinary EOA candidate; inclusion still depends on V1 deprecation, threshold policy and owner approval.",False,,False,0x0000000000000000000000000000000000000000000000000000000000000000,PENDING,,,,OWNER_SELECTION_REQUIRED,OWNER_SELECTION_REQUIRED,DRAFT_NOT_EXECUTABLE
144,v1-mainnet-0144,0x8992d1380657ae46d18423417c4eed9bdd4c1f81,,EOA_CANDIDATE,False,0,8916300000000,8.916300000000,8916300000000000000,8.916300000000000000,v2RawAmount = v1RawAmount * 1000000 (12->18 decimals),PENDING_OWNER_ELIGIBILITY_APPROVAL,"Ordinary EOA candidate; inclusion still depends on V1 deprecation, threshold policy and owner approval.",False,,False,0x0000000000000000000000000000000000000000000000000000000000000000,PENDING,,,,OWNER_SELECTION_REQUIRED,OWNER_SELECTION_REQUIRED,DRAFT_NOT_EXECUTABLE
145,v1-mainnet-0145,0xf7c8426d1f1472561a9b54146c0ef6f5a911a73d,,EOA_CANDIDATE,False,0,8910800000000,8.910800000000,8910800000000000000,8.910800000000000000,v2RawAmount = v1RawAmount * 1000000 (12->18 decimals),PENDING_OWNER_ELIGIBILITY_APPROVAL,"Ordinary EOA candidate; inclusion still depends on V1 deprecation, threshold policy and owner approval.",False,,False,0x0000000000000000000000000000000000000000000000000000000000000000,PENDING,,,,OWNER_SELECTION_REQUIRED,OWNER_SELECTION_REQUIRED,DRAFT_NOT_EXECUTABLE
146,v1-mainnet-0146,0xf50d4183552ba2a689a5f8082553e32bac09f7be,,EOA_CANDIDATE,False,0,8895400000000,8.895400000000,8895400000000000000,8.895400000000000000,v2RawAmount = v1RawAmount * 1000000 (12->18 decimals),PENDING_OWNER_ELIGIBILITY_APPROVAL,"Ordinary EOA candidate; inclusion still depends on V1 deprecation, threshold policy and owner approval.",False,,False,0x0000000000000000000000000000000000000000000000000000000000000000,PENDING,,,,OWNER_SELECTION_REQUIRED,OWNER_SELECTION_REQUIRED,DRAFT_NOT_EXECUTABLE
147,v1-mainnet-0147,0x6ad76ce1168fc8d69283c5c565758479c01e6734,,EOA_CANDIDATE,False,0,8883500000000,8.883500000000,8883500000000000000,8.883500000000000000,v2RawAmount = v1RawAmount * 1000000 (12->18 decimals),PENDING_OWNER_ELIGIBILITY_APPROVAL,"Ordinary EOA candidate; inclusion still depends on V1 deprecation, threshold policy and owner approval.",False,,False,0x0000000000000000000000000000000000000000000000000000000000000000,PENDING,,,,OWNER_SELECTION_REQUIRED,OWNER_SELECTION_REQUIRED,DRAFT_NOT_EXECUTABLE
148,v1-mainnet-0148,0x6ea67f6aa31d370f191e7f38f916f11d211aa5ce,,EOA_CANDIDATE,False,0,8871900000000,8.871900000000,8871900000000000000,8.871900000000000000,v2RawAmount = v1RawAmount * 1000000 (12->18 decimals),PENDING_OWNER_ELIGIBILITY_APPROVAL,"Ordinary EOA candidate; inclusion still depends on V1 deprecation, threshold policy and owner approval.",False,,False,0x0000000000000000000000000000000000000000000000000000000000000000,PENDING,,,,OWNER_SELECTION_REQUIRED,OWNER_SELECTION_REQUIRED,DRAFT_NOT_EXECUTABLE
149,v1-mainnet-0149,0x6f3c2aee7b67b461fe99d8b906976e0f85bf18d8,,EOA_CANDIDATE,False,0,8849900000000,8.849900000000,8849900000000000000,8.849900000000000000,v2RawAmount = v1RawAmount * 1000000 (12->18 decimals),PENDING_OWNER_ELIGIBILITY_APPROVAL,"Ordinary EOA candidate; inclusion still depends on V1 deprecation, threshold policy and owner approval.",False,,False,0x0000000000000000000000000000000000000000000000000000000000000000,PENDING,,,,OWNER_SELECTION_REQUIRED,OWNER_SELECTION_REQUIRED,DRAFT_NOT_EXECUTABLE
150,v1-mainnet-0150,0x8f1de543653b3921cb3d6c7088d578414429648d,,EOA_CANDIDATE,False,0,8843600000000,8.843600000000,8843600000000000000,8.843600000000000000,v2RawAmount = v1RawAmount * 1000000 (12->18 decimals),PENDING_OWNER_ELIGIBILITY_APPROVAL,"Ordinary EOA candidate; inclusion still depends on V1 deprecation, threshold policy and owner approval.",False,,False,0x0000000000000000000000000000000000000000000000000000000000000000,PENDING,,,,OWNER_SELECTION_REQUIRED,OWNER_SELECTION_REQUIRED,DRAFT_NOT_EXECUTABLE
151,v1-mainnet-0151,0xff7c0a99d2a036f89268d03159ab7714b0019eb9,,EOA_CANDIDATE,False,0,8825000000000,8.825000000000,8825000000000000000,8.825000000000000000,v2RawAmount = v1RawAmount * 1000000 (12->18 decimals),PENDING_OWNER_ELIGIBILITY_APPROVAL,"Ordinary EOA candidate; inclusion still depends on V1 deprecation, threshold policy and owner approval.",False,,False,0x0000000000000000000000000000000000000000000000000000000000000000,PENDING,,,,OWNER_SELECTION_REQUIRED,OWNER_SELECTION_REQUIRED,DRAFT_NOT_EXECUTABLE
152,v1-mainnet-0152,0x1bafcd4f2ca53d78b2cec536359e080752bfe592,,EOA_CANDIDATE,False,0,8810800000000,8.810800000000,8810800000000000000,8.810800000000000000,v2RawAmount = v1RawAmount * 1000000 (12->18 decimals),PENDING_OWNER_ELIGIBILITY_APPROVAL,"Ordinary EOA candidate; inclusion still depends on V1 deprecation, threshold policy and owner approval.",False,,False,0x0000000000000000000000000000000000000000000000000000000000000000,PENDING,,,,OWNER_SELECTION_REQUIRED,OWNER_SELECTION_REQUIRED,DRAFT_NOT_EXECUTABLE
153,v1-mainnet-0153,0x60c1e5bec28883efad81992ed90b49a4cfd7d735,,EOA_CANDIDATE,False,0,8802100000000,8.802100000000,8802100000000000000,8.802100000000000000,v2RawAmount = v1RawAmount * 1000000 (12->18 decimals),PENDING_OWNER_ELIGIBILITY_APPROVAL,"Ordinary EOA candidate; inclusion still depends on V1 deprecation, threshold policy and owner approval.",False,,False,0x0000000000000000000000000000000000000000000000000000000000000000,PENDING,,,,OWNER_SELECTION_REQUIRED,OWNER_SELECTION_REQUIRED,DRAFT_NOT_EXECUTABLE
154,v1-mainnet-0154,0x34f30b38fddf56705ae271d6191f77c30bf8008b,,EOA_CANDIDATE,False,0,8781000000000,8.781000000000,8781000000000000000,8.781000000000000000,v2RawAmount = v1RawAmount * 1000000 (12->18 decimals),PENDING_OWNER_ELIGIBILITY_APPROVAL,"Ordinary EOA candidate; inclusion still depends on V1 deprecation, threshold policy and owner approval.",False,,False,0x0000000000000000000000000000000000000000000000000000000000000000,PENDING,,,,OWNER_SELECTION_REQUIRED,OWNER_SELECTION_REQUIRED,DRAFT_NOT_EXECUTABLE
155,v1-mainnet-0155,0x8fbf27e200b0d55d9f2edff61bcaf66dada644d4,,EOA_CANDIDATE,False,0,8777800000000,8.777800000000,8777800000000000000,8.777800000000000000,v2RawAmount = v1RawAmount * 1000000 (12->18 decimals),PENDING_OWNER_ELIGIBILITY_APPROVAL,"Ordinary EOA candidate; inclusion still depends on V1 deprecation, threshold policy and owner approval.",False,,False,0x0000000000000000000000000000000000000000000000000000000000000000,PENDING,,,,OWNER_SELECTION_REQUIRED,OWNER_SELECTION_REQUIRED,DRAFT_NOT_EXECUTABLE
156,v1-mainnet-0156,0x4d81a311840d9c4706e76b89db51470acedadded,,EOA_CANDIDATE,False,0,8764400000000,8.764400000000,8764400000000000000,8.764400000000000000,v2RawAmount = v1RawAmount * 1000000 (12->18 decimals),PENDING_OWNER_ELIGIBILITY_APPROVAL,"Ordinary EOA candidate; inclusion still depends on V1 deprecation, threshold policy and owner approval.",False,,False,0x0000000000000000000000000000000000000000000000000000000000000000,PENDING,,,,OWNER_SELECTION_REQUIRED,OWNER_SELECTION_REQUIRED,DRAFT_NOT_EXECUTABLE
157,v1-mainnet-0157,0x6d234f5f4248bf3df615069f8bbb9dddb8119f90,,EOA_CANDIDATE,False,0,8761100000000,8.761100000000,8761100000000000000,8.761100000000000000,v2RawAmount = v1RawAmount * 1000000 (12->18 decimals),PENDING_OWNER_ELIGIBILITY_APPROVAL,"Ordinary EOA candidate; inclusion still depends on V1 deprecation, threshold policy and owner approval.",False,,False,0x0000000000000000000000000000000000000000000000000000000000000000,PENDING,,,,OWNER_SELECTION_REQUIRED,OWNER_SELECTION_REQUIRED,DRAFT_NOT_EXECUTABLE
158,v1-mainnet-0158,0x47567067ca76b8bf06c4e81b2c888af94eec29de,,EOA_CANDIDATE,False,0,8745500000000,8.745500000000,8745500000000000000,8.745500000000000000,v2RawAmount = v1RawAmount * 1000000 (12->18 decimals),PENDING_OWNER_ELIGIBILITY_APPROVAL,"Ordinary EOA candidate; inclusion still depends on V1 deprecation, threshold policy and owner approval.",False,,False,0x0000000000000000000000000000000000000000000000000000000000000000,PENDING,,,,OWNER_SELECTION_REQUIRED,OWNER_SELECTION_REQUIRED,DRAFT_NOT_EXECUTABLE
159,v1-mainnet-0159,0x35e09f6523f7ffd9bd1e00132f4469f57bef5974,,EOA_CANDIDATE,False,0,8714000000000,8.714000000000,8714000000000000000,8.714000000000000000,v2RawAmount = v1RawAmount * 1000000 (12->18 decimals),PENDING_OWNER_ELIGIBILITY_APPROVAL,"Ordinary EOA candidate; inclusion still depends on V1 deprecation, threshold policy and owner approval.",False,,False,0x0000000000000000000000000000000000000000000000000000000000000000,PENDING,,,,OWNER_SELECTION_REQUIRED,OWNER_SELECTION_REQUIRED,DRAFT_NOT_EXECUTABLE
160,v1-mainnet-0160,0x0dc39d1cc49c7b0868882bb284f19b30b7a4e716,,EOA_CANDIDATE,False,0,8708400000000,8.708400000000,8708400000000000000,8.708400000000000000,v2RawAmount = v1RawAmount * 1000000 (12->18 decimals),PENDING_OWNER_ELIGIBILITY_APPROVAL,"Ordinary EOA candidate; inclusion still depends on V1 deprecation, threshold policy and owner approval.",False,,False,0x0000000000000000000000000000000000000000000000000000000000000000,PENDING,,,,OWNER_SELECTION_REQUIRED,OWNER_SELECTION_REQUIRED,DRAFT_NOT_EXECUTABLE
161,v1-mainnet-0161,0x31241296b46368ab3dbc0ae1a54ae5af1764b9f5,,EOA_CANDIDATE,False,0,8660700000000,8.660700000000,8660700000000000000,8.660700000000000000,v2RawAmount = v1RawAmount * 1000000 (12->18 decimals),PENDING_OWNER_ELIGIBILITY_APPROVAL,"Ordinary EOA candidate; inclusion still depends on V1 deprecation, threshold policy and owner approval.",False,,False,0x0000000000000000000000000000000000000000000000000000000000000000,PENDING,,,,OWNER_SELECTION_REQUIRED,OWNER_SELECTION_REQUIRED,DRAFT_NOT_EXECUTABLE
162,v1-mainnet-0162,0x70fe7b79d85789ff9e6c26d7eaa05b8ca913ad4f,,EOA_CANDIDATE,False,0,8655500000000,8.655500000000,8655500000000000000,8.655500000000000000,v2RawAmount = v1RawAmount * 1000000 (12->18 decimals),PENDING_OWNER_ELIGIBILITY_APPROVAL,"Ordinary EOA candidate; inclusion still depends on V1 deprecation, threshold policy and owner approval.",False,,False,0x0000000000000000000000000000000000000000000000000000000000000000,PENDING,,,,OWNER_SELECTION_REQUIRED,OWNER_SELECTION_REQUIRED,DRAFT_NOT_EXECUTABLE
163,v1-mainnet-0163,0x562e239e49a7d05cd2fb2b7eef021ba6b39ee2e7,,EOA_CANDIDATE,False,0,8651600000000,8.651600000000,8651600000000000000,8.651600000000000000,v2RawAmount = v1RawAmount * 1000000 (12->18 decimals),PENDING_OWNER_ELIGIBILITY_APPROVAL,"Ordinary EOA candidate; inclusion still depends on V1 deprecation, threshold policy and owner approval.",False,,False,0x0000000000000000000000000000000000000000000000000000000000000000,PENDING,,,,OWNER_SELECTION_REQUIRED,OWNER_SELECTION_REQUIRED,DRAFT_NOT_EXECUTABLE
164,v1-mainnet-0164,0x10b1b47af2935725416da9f1bf36de358f37a170,,EOA_CANDIDATE,False,0,8635600000000,8.635600000000,8635600000000000000,8.635600000000000000,v2RawAmount = v1RawAmount * 1000000 (12->18 decimals),PENDING_OWNER_ELIGIBILITY_APPROVAL,"Ordinary EOA candidate; inclusion still depends on V1 deprecation, threshold policy and owner approval.",False,,False,0x0000000000000000000000000000000000000000000000000000000000000000,PENDING,,,,OWNER_SELECTION_REQUIRED,OWNER_SELECTION_REQUIRED,DRAFT_NOT_EXECUTABLE
165,v1-mainnet-0165,0xae2cec759185f6ffd91462c4da5937ad2120ef1f,,EOA_CANDIDATE,False,0,8627000000000,8.627000000000,8627000000000000000,8.627000000000000000,v2RawAmount = v1RawAmount * 1000000 (12->18 decimals),PENDING_OWNER_ELIGIBILITY_APPROVAL,"Ordinary EOA candidate; inclusion still depends on V1 deprecation, threshold policy and owner approval.",False,,False,0x0000000000000000000000000000000000000000000000000000000000000000,PENDING,,,,OWNER_SELECTION_REQUIRED,OWNER_SELECTION_REQUIRED,DRAFT_NOT_EXECUTABLE
166,v1-mainnet-0166,0x7c2d1fe76f61e37dd76ad663080b8f6b87c1cd45,,EOA_CANDIDATE,False,0,8571300000000,8.571300000000,8571300000000000000,8.571300000000000000,v2RawAmount = v1RawAmount * 1000000 (12->18 decimals),PENDING_OWNER_ELIGIBILITY_APPROVAL,"Ordinary EOA candidate; inclusion still depends on V1 deprecation, threshold policy and owner approval.",False,,False,0x0000000000000000000000000000000000000000000000000000000000000000,PENDING,,,,OWNER_SELECTION_REQUIRED,OWNER_SELECTION_REQUIRED,DRAFT_NOT_EXECUTABLE
167,v1-mainnet-0167,0xc71d19f26dc1f2782b4c4f624b89cf903fe14cc4,,EOA_CANDIDATE,False,0,8539700000000,8.539700000000,8539700000000000000,8.539700000000000000,v2RawAmount = v1RawAmount * 1000000 (12->18 decimals),PENDING_OWNER_ELIGIBILITY_APPROVAL,"Ordinary EOA candidate; inclusion still depends on V1 deprecation, threshold policy and owner approval.",False,,False,0x0000000000000000000000000000000000000000000000000000000000000000,PENDING,,,,OWNER_SELECTION_REQUIRED,OWNER_SELECTION_REQUIRED,DRAFT_NOT_EXECUTABLE
168,v1-mainnet-0168,0x2d4d9cd53ed809199ccc3d08a3537f508a821b9b,,EOA_CANDIDATE,False,0,8529500000000,8.529500000000,8529500000000000000,8.529500000000000000,v2RawAmount = v1RawAmount * 1000000 (12->18 decimals),PENDING_OWNER_ELIGIBILITY_APPROVAL,"Ordinary EOA candidate; inclusion still depends on V1 deprecation, threshold policy and owner approval.",False,,False,0x0000000000000000000000000000000000000000000000000000000000000000,PENDING,,,,OWNER_SELECTION_REQUIRED,OWNER_SELECTION_REQUIRED,DRAFT_NOT_EXECUTABLE
169,v1-mainnet-0169,0xf3fe25fb687b547578fb52a44568dc992fac4d71,,EOA_CANDIDATE,False,0,8507100000000,8.507100000000,8507100000000000000,8.507100000000000000,v2RawAmount = v1RawAmount * 1000000 (12->18 decimals),PENDING_OWNER_ELIGIBILITY_APPROVAL,"Ordinary EOA candidate; inclusion still depends on V1 deprecation, threshold policy and owner approval.",False,,False,0x0000000000000000000000000000000000000000000000000000000000000000,PENDING,,,,OWNER_SELECTION_REQUIRED,OWNER_SELECTION_REQUIRED,DRAFT_NOT_EXECUTABLE
170,v1-mainnet-0170,0xacd2757fd4793a684fa050af943759109b5aadb6,,EOA_CANDIDATE,False,0,8503500000000,8.503500000000,8503500000000000000,8.503500000000000000,v2RawAmount = v1RawAmount * 1000000 (12->18 decimals),PENDING_OWNER_ELIGIBILITY_APPROVAL,"Ordinary EOA candidate; inclusion still depends on V1 deprecation, threshold policy and owner approval.",False,,False,0x0000000000000000000000000000000000000000000000000000000000000000,PENDING,,,,OWNER_SELECTION_REQUIRED,OWNER_SELECTION_REQUIRED,DRAFT_NOT_EXECUTABLE
171,v1-mainnet-0171,0xf2192a221c0199ea818878f83fdf525303bce34c,,EOA_CANDIDATE,False,0,8432800000000,8.432800000000,8432800000000000000,8.432800000000000000,v2RawAmount = v1RawAmount * 1000000 (12->18 decimals),PENDING_OWNER_ELIGIBILITY_APPROVAL,"Ordinary EOA candidate; inclusion still depends on V1 deprecation, threshold policy and owner approval.",False,,False,0x0000000000000000000000000000000000000000000000000000000000000000,PENDING,,,,OWNER_SELECTION_REQUIRED,OWNER_SELECTION_REQUIRED,DRAFT_NOT_EXECUTABLE
172,v1-mainnet-0172,0x92a6623ec1d20ff8980fc882a267b0059fb64a86,,EOA_CANDIDATE,False,0,8429700000000,8.429700000000,8429700000000000000,8.429700000000000000,v2RawAmount = v1RawAmount * 1000000 (12->18 decimals),PENDING_OWNER_ELIGIBILITY_APPROVAL,"Ordinary EOA candidate; inclusion still depends on V1 deprecation, threshold policy and owner approval.",False,,False,0x0000000000000000000000000000000000000000000000000000000000000000,PENDING,,,,OWNER_SELECTION_REQUIRED,OWNER_SELECTION_REQUIRED,DRAFT_NOT_EXECUTABLE
173,v1-mainnet-0173,0xc22109c59dfb49fddf6aa158761cdd8140a8bee5,,EOA_CANDIDATE,False,0,8425100000000,8.425100000000,8425100000000000000,8.425100000000000000,v2RawAmount = v1RawAmount * 1000000 (12->18 decimals),PENDING_OWNER_ELIGIBILITY_APPROVAL,"Ordinary EOA candidate; inclusion still depends on V1 deprecation, threshold policy and owner approval.",False,,False,0x0000000000000000000000000000000000000000000000000000000000000000,PENDING,,,,OWNER_SELECTION_REQUIRED,OWNER_SELECTION_REQUIRED,DRAFT_NOT_EXECUTABLE
174,v1-mainnet-0174,0x6cde93d74709999fb1b4dfa12821f24db65cd675,,EOA_CANDIDATE,False,0,8417400000000,8.417400000000,8417400000000000000,8.417400000000000000,v2RawAmount = v1RawAmount * 1000000 (12->18 decimals),PENDING_OWNER_ELIGIBILITY_APPROVAL,"Ordinary EOA candidate; inclusion still depends on V1 deprecation, threshold policy and owner approval.",False,,False,0x0000000000000000000000000000000000000000000000000000000000000000,PENDING,,,,OWNER_SELECTION_REQUIRED,OWNER_SELECTION_REQUIRED,DRAFT_NOT_EXECUTABLE
175,v1-mainnet-0175,0xe1b0372213407b350871e955173643ac31a5f8f3,,EOA_CANDIDATE,False,0,8412400000000,8.412400000000,8412400000000000000,8.412400000000000000,v2RawAmount = v1RawAmount * 1000000 (12->18 decimals),PENDING_OWNER_ELIGIBILITY_APPROVAL,"Ordinary EOA candidate; inclusion still depends on V1 deprecation, threshold policy and owner approval.",False,,False,0x0000000000000000000000000000000000000000000000000000000000000000,PENDING,,,,OWNER_SELECTION_REQUIRED,OWNER_SELECTION_REQUIRED,DRAFT_NOT_EXECUTABLE
176,v1-mainnet-0176,0xb2d626aacc864be509446c874a73e408c929782e,,EOA_CANDIDATE,False,0,8412100000000,8.412100000000,8412100000000000000,8.412100000000000000,v2RawAmount = v1RawAmount * 1000000 (12->18 decimals),PENDING_OWNER_ELIGIBILITY_APPROVAL,"Ordinary EOA candidate; inclusion still depends on V1 deprecation, threshold policy and owner approval.",False,,False,0x0000000000000000000000000000000000000000000000000000000000000000,PENDING,,,,OWNER_SELECTION_REQUIRED,OWNER_SELECTION_REQUIRED,DRAFT_NOT_EXECUTABLE
177,v1-mainnet-0177,0x2ba6fa1db1023d07a74c81c7151b5098e59b8c5a,,EOA_CANDIDATE,False,0,8411400000000,8.411400000000,8411400000000000000,8.411400000000000000,v2RawAmount = v1RawAmount * 1000000 (12->18 decimals),PENDING_OWNER_ELIGIBILITY_APPROVAL,"Ordinary EOA candidate; inclusion still depends on V1 deprecation, threshold policy and owner approval.",False,,False,0x0000000000000000000000000000000000000000000000000000000000000000,PENDING,,,,OWNER_SELECTION_REQUIRED,OWNER_SELECTION_REQUIRED,DRAFT_NOT_EXECUTABLE
178,v1-mainnet-0178,0x8a838d7426cea8a2c9e95e041e38f3f2279c74fb,,EOA_CANDIDATE,False,0,8395800000000,8.395800000000,8395800000000000000,8.395800000000000000,v2RawAmount = v1RawAmount * 1000000 (12->18 decimals),PENDING_OWNER_ELIGIBILITY_APPROVAL,"Ordinary EOA candidate; inclusion still depends on V1 deprecation, threshold policy and owner approval.",False,,False,0x0000000000000000000000000000000000000000000000000000000000000000,PENDING,,,,OWNER_SELECTION_REQUIRED,OWNER_SELECTION_REQUIRED,DRAFT_NOT_EXECUTABLE
179,v1-mainnet-0179,0xe518569b30651e90bc487dbd5ca44ae8d6110c37,,EOA_CANDIDATE,False,0,8375800000000,8.375800000000,8375800000000000000,8.375800000000000000,v2RawAmount = v1RawAmount * 1000000 (12->18 decimals),PENDING_OWNER_ELIGIBILITY_APPROVAL,"Ordinary EOA candidate; inclusion still depends on V1 deprecation, threshold policy and owner approval.",False,,False,0x0000000000000000000000000000000000000000000000000000000000000000,PENDING,,,,OWNER_SELECTION_REQUIRED,OWNER_SELECTION_REQUIRED,DRAFT_NOT_EXECUTABLE
180,v1-mainnet-0180,0x062eefd68ee862177c0e76cfea4d947c3f96d72d,,EOA_CANDIDATE,False,0,8367300000000,8.367300000000,8367300000000000000,8.367300000000000000,v2RawAmount = v1RawAmount * 1000000 (12->18 decimals),PENDING_OWNER_ELIGIBILITY_APPROVAL,"Ordinary EOA candidate; inclusion still depends on V1 deprecation, threshold policy and owner approval.",False,,False,0x0000000000000000000000000000000000000000000000000000000000000000,PENDING,,,,OWNER_SELECTION_REQUIRED,OWNER_SELECTION_REQUIRED,DRAFT_NOT_EXECUTABLE
181,v1-mainnet-0181,0x36d7454ab8618d54508c891e1b528e4fd923218a,,EOA_CANDIDATE,False,0,8365600000000,8.365600000000,8365600000000000000,8.365600000000000000,v2RawAmount = v1RawAmount * 1000000 (12->18 decimals),PENDING_OWNER_ELIGIBILITY_APPROVAL,"Ordinary EOA candidate; inclusion still depends on V1 deprecation, threshold policy and owner approval.",False,,False,0x0000000000000000000000000000000000000000000000000000000000000000,PENDING,,,,OWNER_SELECTION_REQUIRED,OWNER_SELECTION_REQUIRED,DRAFT_NOT_EXECUTABLE
182,v1-mainnet-0182,0x3c2c835f7dbc21f20e0e38601616f63753cb78f4,,EOA_CANDIDATE,False,0,8359200000000,8.359200000000,8359200000000000000,8.359200000000000000,v2RawAmount = v1RawAmount * 1000000 (12->18 decimals),PENDING_OWNER_ELIGIBILITY_APPROVAL,"Ordinary EOA candidate; inclusion still depends on V1 deprecation, threshold policy and owner approval.",False,,False,0x0000000000000000000000000000000000000000000000000000000000000000,PENDING,,,,OWNER_SELECTION_REQUIRED,OWNER_SELECTION_REQUIRED,DRAFT_NOT_EXECUTABLE
183,v1-mainnet-0183,0x680535877cc850136a36444c6e2b81a20270239b,,EOA_CANDIDATE,False,0,8349900000000,8.349900000000,8349900000000000000,8.349900000000000000,v2RawAmount = v1RawAmount * 1000000 (12->18 decimals),PENDING_OWNER_ELIGIBILITY_APPROVAL,"Ordinary EOA candidate; inclusion still depends on V1 deprecation, threshold policy and owner approval.",False,,False,0x0000000000000000000000000000000000000000000000000000000000000000,PENDING,,,,OWNER_SELECTION_REQUIRED,OWNER_SELECTION_REQUIRED,DRAFT_NOT_EXECUTABLE
184,v1-mainnet-0184,0x874b333471e345684bff088768ce72ab36d8e24d,,EOA_CANDIDATE,False,0,8347400000000,8.347400000000,8347400000000000000,8.347400000000000000,v2RawAmount = v1RawAmount * 1000000 (12->18 decimals),PENDING_OWNER_ELIGIBILITY_APPROVAL,"Ordinary EOA candidate; inclusion still depends on V1 deprecation, threshold policy and owner approval.",False,,False,0x0000000000000000000000000000000000000000000000000000000000000000,PENDING,,,,OWNER_SELECTION_REQUIRED,OWNER_SELECTION_REQUIRED,DRAFT_NOT_EXECUTABLE
185,v1-mainnet-0185,0x0ba6569a708a160505a00204ef68a9c87b007ad2,,EOA_CANDIDATE,False,0,8340200000000,8.340200000000,8340200000000000000,8.340200000000000000,v2RawAmount = v1RawAmount * 1000000 (12->18 decimals),PENDING_OWNER_ELIGIBILITY_APPROVAL,"Ordinary EOA candidate; inclusion still depends on V1 deprecation, threshold policy and owner approval.",False,,False,0x0000000000000000000000000000000000000000000000000000000000000000,PENDING,,,,OWNER_SELECTION_REQUIRED,OWNER_SELECTION_REQUIRED,DRAFT_NOT_EXECUTABLE
186,v1-mainnet-0186,0x60a17369345c986b986004ef59b3d913fa91ba27,,EOA_CANDIDATE,False,0,8332100000000,8.332100000000,8332100000000000000,8.332100000000000000,v2RawAmount = v1RawAmount * 1000000 (12->18 decimals),PENDING_OWNER_ELIGIBILITY_APPROVAL,"Ordinary EOA candidate; inclusion still depends on V1 deprecation, threshold policy and owner approval.",False,,False,0x0000000000000000000000000000000000000000000000000000000000000000,PENDING,,,,OWNER_SELECTION_REQUIRED,OWNER_SELECTION_REQUIRED,DRAFT_NOT_EXECUTABLE
187,v1-mainnet-0187,0x9484e1ec526d09bf45b6905d101a61d6cead1cae,,EOA_CANDIDATE,False,0,8327900000000,8.327900000000,8327900000000000000,8.327900000000000000,v2RawAmount = v1RawAmount * 1000000 (12->18 decimals),PENDING_OWNER_ELIGIBILITY_APPROVAL,"Ordinary EOA candidate; inclusion still depends on V1 deprecation, threshold policy and owner approval.",False,,False,0x0000000000000000000000000000000000000000000000000000000000000000,PENDING,,,,OWNER_SELECTION_REQUIRED,OWNER_SELECTION_REQUIRED,DRAFT_NOT_EXECUTABLE
188,v1-mainnet-0188,0x778bb48d033ecb77acc3a5b0af398c3cd6d8c33e,,EOA_CANDIDATE,False,0,8301900000000,8.301900000000,8301900000000000000,8.301900000000000000,v2RawAmount = v1RawAmount * 1000000 (12->18 decimals),PENDING_OWNER_ELIGIBILITY_APPROVAL,"Ordinary EOA candidate; inclusion still depends on V1 deprecation, threshold policy and owner approval.",False,,False,0x0000000000000000000000000000000000000000000000000000000000000000,PENDING,,,,OWNER_SELECTION_REQUIRED,OWNER_SELECTION_REQUIRED,DRAFT_NOT_EXECUTABLE
189,v1-mainnet-0189,0xa39a05d851affbf18a28b5a9c4117b9342d1bbd9,,EOA_CANDIDATE,False,0,8259100000000,8.259100000000,8259100000000000000,8.259100000000000000,v2RawAmount = v1RawAmount * 1000000 (12->18 decimals),PENDING_OWNER_ELIGIBILITY_APPROVAL,"Ordinary EOA candidate; inclusion still depends on V1 deprecation, threshold policy and owner approval.",False,,False,0x0000000000000000000000000000000000000000000000000000000000000000,PENDING,,,,OWNER_SELECTION_REQUIRED,OWNER_SELECTION_REQUIRED,DRAFT_NOT_EXECUTABLE
190,v1-mainnet-0190,0x8194fe6fa5a3c95af8ccf00ba5cd90468a5a268d,,EOA_CANDIDATE,False,0,8212400000000,8.212400000000,8212400000000000000,8.212400000000000000,v2RawAmount = v1RawAmount * 1000000 (12->18 decimals),PENDING_OWNER_ELIGIBILITY_APPROVAL,"Ordinary EOA candidate; inclusion still depends on V1 deprecation, threshold policy and owner approval.",False,,False,0x0000000000000000000000000000000000000000000000000000000000000000,PENDING,,,,OWNER_SELECTION_REQUIRED,OWNER_SELECTION_REQUIRED,DRAFT_NOT_EXECUTABLE
191,v1-mainnet-0191,0x925c7abdf7020a7a52d0366c6d11d3b426ee13b8,,EOA_CANDIDATE,False,0,8210300000000,8.210300000000,8210300000000000000,8.210300000000000000,v2RawAmount = v1RawAmount * 1000000 (12->18 decimals),PENDING_OWNER_ELIGIBILITY_APPROVAL,"Ordinary EOA candidate; inclusion still depends on V1 deprecation, threshold policy and owner approval.",False,,False,0x0000000000000000000000000000000000000000000000000000000000000000,PENDING,,,,OWNER_SELECTION_REQUIRED,OWNER_SELECTION_REQUIRED,DRAFT_NOT_EXECUTABLE
192,v1-mainnet-0192,0xe3cd802422d3715da08494b5554a931c3602090a,,EOA_CANDIDATE,False,0,8204700000000,8.204700000000,8204700000000000000,8.204700000000000000,v2RawAmount = v1RawAmount * 1000000 (12->18 decimals),PENDING_OWNER_ELIGIBILITY_APPROVAL,"Ordinary EOA candidate; inclusion still depends on V1 deprecation, threshold policy and owner approval.",False,,False,0x0000000000000000000000000000000000000000000000000000000000000000,PENDING,,,,OWNER_SELECTION_REQUIRED,OWNER_SELECTION_REQUIRED,DRAFT_NOT_EXECUTABLE
193,v1-mainnet-0193,0x99ef1e7f167783968203d5cdb10cf07933b0e3db,,EOA_CANDIDATE,False,0,8183900000000,8.183900000000,8183900000000000000,8.183900000000000000,v2RawAmount = v1RawAmount * 1000000 (12->18 decimals),PENDING_OWNER_ELIGIBILITY_APPROVAL,"Ordinary EOA candidate; inclusion still depends on V1 deprecation, threshold policy and owner approval.",False,,False,0x0000000000000000000000000000000000000000000000000000000000000000,PENDING,,,,OWNER_SELECTION_REQUIRED,OWNER_SELECTION_REQUIRED,DRAFT_NOT_EXECUTABLE
194,v1-mainnet-0194,0xd6927f56363a792abf049edf777511e22293c6a7,,EOA_CANDIDATE,False,0,8175500000000,8.175500000000,8175500000000000000,8.175500000000000000,v2RawAmount = v1RawAmount * 1000000 (12->18 decimals),PENDING_OWNER_ELIGIBILITY_APPROVAL,"Ordinary EOA candidate; inclusion still depends on V1 deprecation, threshold policy and owner approval.",False,,False,0x0000000000000000000000000000000000000000000000000000000000000000,PENDING,,,,OWNER_SELECTION_REQUIRED,OWNER_SELECTION_REQUIRED,DRAFT_NOT_EXECUTABLE
195,v1-mainnet-0195,0x406e7c64eee5d9d15895a4437ec53b3d60994f9b,,EOA_CANDIDATE,False,0,8169100000000,8.169100000000,8169100000000000000,8.169100000000000000,v2RawAmount = v1RawAmount * 1000000 (12->18 decimals),PENDING_OWNER_ELIGIBILITY_APPROVAL,"Ordinary EOA candidate; inclusion still depends on V1 deprecation, threshold policy and owner approval.",False,,False,0x0000000000000000000000000000000000000000000000000000000000000000,PENDING,,,,OWNER_SELECTION_REQUIRED,OWNER_SELECTION_REQUIRED,DRAFT_NOT_EXECUTABLE
196,v1-mainnet-0196,0xb3e5e468b58ec660ffbe916629d5238a6c894db6,,EOA_CANDIDATE,False,0,8149400000000,8.149400000000,8149400000000000000,8.149400000000000000,v2RawAmount = v1RawAmount * 1000000 (12->18 decimals),PENDING_OWNER_ELIGIBILITY_APPROVAL,"Ordinary EOA candidate; inclusion still depends on V1 deprecation, threshold policy and owner approval.",False,,False,0x0000000000000000000000000000000000000000000000000000000000000000,PENDING,,,,OWNER_SELECTION_REQUIRED,OWNER_SELECTION_REQUIRED,DRAFT_NOT_EXECUTABLE
197,v1-mainnet-0197,0x85d1e890ad37a04f65c1975bedb24161f4777e82,,EOA_CANDIDATE,False,0,8124200000000,8.124200000000,8124200000000000000,8.124200000000000000,v2RawAmount = v1RawAmount * 1000000 (12->18 decimals),PENDING_OWNER_ELIGIBILITY_APPROVAL,"Ordinary EOA candidate; inclusion still depends on V1 deprecation, threshold policy and owner approval.",False,,False,0x0000000000000000000000000000000000000000000000000000000000000000,PENDING,,,,OWNER_SELECTION_REQUIRED,OWNER_SELECTION_REQUIRED,DRAFT_NOT_EXECUTABLE
198,v1-mainnet-0198,0x226e72179e4bfed090a48c3701602dd4f2ae0a1a,,EOA_CANDIDATE,False,0,8105400000000,8.105400000000,8105400000000000000,8.105400000000000000,v2RawAmount = v1RawAmount * 1000000 (12->18 decimals),PENDING_OWNER_ELIGIBILITY_APPROVAL,"Ordinary EOA candidate; inclusion still depends on V1 deprecation, threshold policy and owner approval.",False,,False,0x0000000000000000000000000000000000000000000000000000000000000000,PENDING,,,,OWNER_SELECTION_REQUIRED,OWNER_SELECTION_REQUIRED,DRAFT_NOT_EXECUTABLE
199,v1-mainnet-0199,0xe32a4fe7a0a51a7fdc69ed514165cbad8553a7cf,,EOA_CANDIDATE,False,0,8083600000000,8.083600000000,8083600000000000000,8.083600000000000000,v2RawAmount = v1RawAmount * 1000000 (12->18 decimals),PENDING_OWNER_ELIGIBILITY_APPROVAL,"Ordinary EOA candidate; inclusion still depends on V1 deprecation, threshold policy and owner approval.",False,,False,0x0000000000000000000000000000000000000000000000000000000000000000,PENDING,,,,OWNER_SELECTION_REQUIRED,OWNER_SELECTION_REQUIRED,DRAFT_NOT_EXECUTABLE
200,v1-mainnet-0200,0x94d2522b5832e0bd3800f7632c7202296201801d,,EOA_CANDIDATE,False,0,8082921172768,8.082921172768,8082921172768000000,8.082921172768000000,v2RawAmount = v1RawAmount * 1000000 (12->18 decimals),PENDING_OWNER_ELIGIBILITY_APPROVAL,"Ordinary EOA candidate; inclusion still depends on V1 deprecation, threshold policy and owner approval.",False,,False,0x0000000000000000000000000000000000000000000000000000000000000000,PENDING,,,,OWNER_SELECTION_REQUIRED,OWNER_SELECTION_REQUIRED,DRAFT_NOT_EXECUTABLE
201,v1-mainnet-0201,0xbe604b871ebaad4dbd1a5f0f892bd1bafcce09e2,,EOA_CANDIDATE,False,0,8062300000000,8.062300000000,8062300000000000000,8.062300000000000000,v2RawAmount = v1RawAmount * 1000000 (12->18 decimals),PENDING_OWNER_ELIGIBILITY_APPROVAL,"Ordinary EOA candidate; inclusion still depends on V1 deprecation, threshold policy and owner approval.",False,,False,0x0000000000000000000000000000000000000000000000000000000000000000,PENDING,,,,OWNER_SELECTION_REQUIRED,OWNER_SELECTION_REQUIRED,DRAFT_NOT_EXECUTABLE
202,v1-mainnet-0202,0x87bb418ccdaa96232bad15c1a1384a8b6b10caa4,,EOA_CANDIDATE,False,0,8038700000000,8.038700000000,8038700000000000000,8.038700000000000000,v2RawAmount = v1RawAmount * 1000000 (12->18 decimals),PENDING_OWNER_ELIGIBILITY_APPROVAL,"Ordinary EOA candidate; inclusion still depends on V1 deprecation, threshold policy and owner approval.",False,,False,0x0000000000000000000000000000000000000000000000000000000000000000,PENDING,,,,OWNER_SELECTION_REQUIRED,OWNER_SELECTION_REQUIRED,DRAFT_NOT_EXECUTABLE
203,v1-mainnet-0203,0xf919babcbb14b631e380eb60c06d11bab8446f0a,,EOA_CANDIDATE,False,0,8028200000000,8.028200000000,8028200000000000000,8.028200000000000000,v2RawAmount = v1RawAmount * 1000000 (12->18 decimals),PENDING_OWNER_ELIGIBILITY_APPROVAL,"Ordinary EOA candidate; inclusion still depends on V1 deprecation, threshold policy and owner approval.",False,,False,0x0000000000000000000000000000000000000000000000000000000000000000,PENDING,,,,OWNER_SELECTION_REQUIRED,OWNER_SELECTION_REQUIRED,DRAFT_NOT_EXECUTABLE
204,v1-mainnet-0204,0xb4987aff59d4dd772ac6b109c191a33c23d14981,,EOA_CANDIDATE,False,0,8022400000000,8.022400000000,8022400000000000000,8.022400000000000000,v2RawAmount = v1RawAmount * 1000000 (12->18 decimals),PENDING_OWNER_ELIGIBILITY_APPROVAL,"Ordinary EOA candidate; inclusion still depends on V1 deprecation, threshold policy and owner approval.",False,,False,0x0000000000000000000000000000000000000000000000000000000000000000,PENDING,,,,OWNER_SELECTION_REQUIRED,OWNER_SELECTION_REQUIRED,DRAFT_NOT_EXECUTABLE
205,v1-mainnet-0205,0x887935d116609d19ef0b165c5f59b34aa7d03e55,,EOA_CANDIDATE,False,0,8019400000000,8.019400000000,8019400000000000000,8.019400000000000000,v2RawAmount = v1RawAmount * 1000000 (12->18 decimals),PENDING_OWNER_ELIGIBILITY_APPROVAL,"Ordinary EOA candidate; inclusion still depends on V1 deprecation, threshold policy and owner approval.",False,,False,0x0000000000000000000000000000000000000000000000000000000000000000,PENDING,,,,OWNER_SELECTION_REQUIRED,OWNER_SELECTION_REQUIRED,DRAFT_NOT_EXECUTABLE
206,v1-mainnet-0206,0x13c17312164d4aef4ba70cc84050a6a6d64377ac,,EOA_CANDIDATE,False,0,7986600000000,7.986600000000,7986600000000000000,7.986600000000000000,v2RawAmount = v1RawAmount * 1000000 (12->18 decimals),PENDING_OWNER_ELIGIBILITY_APPROVAL,"Ordinary EOA candidate; inclusion still depends on V1 deprecation, threshold policy and owner approval.",False,,False,0x0000000000000000000000000000000000000000000000000000000000000000,PENDING,,,,OWNER_SELECTION_REQUIRED,OWNER_SELECTION_REQUIRED,DRAFT_NOT_EXECUTABLE
207,v1-mainnet-0207,0xcfdc635566c39c385b90cf5bebd426a35dc5a60d,,EOA_CANDIDATE,False,0,7983700000000,7.983700000000,7983700000000000000,7.983700000000000000,v2RawAmount = v1RawAmount * 1000000 (12->18 decimals),PENDING_OWNER_ELIGIBILITY_APPROVAL,"Ordinary EOA candidate; inclusion still depends on V1 deprecation, threshold policy and owner approval.",False,,False,0x0000000000000000000000000000000000000000000000000000000000000000,PENDING,,,,OWNER_SELECTION_REQUIRED,OWNER_SELECTION_REQUIRED,DRAFT_NOT_EXECUTABLE
208,v1-mainnet-0208,0xcbc9dbf7acba24e13f6d00ef8dc6f4b5ffda1b89,,EOA_CANDIDATE,False,0,7982200000000,7.982200000000,7982200000000000000,7.982200000000000000,v2RawAmount = v1RawAmount * 1000000 (12->18 decimals),PENDING_OWNER_ELIGIBILITY_APPROVAL,"Ordinary EOA candidate; inclusion still depends on V1 deprecation, threshold policy and owner approval.",False,,False,0x0000000000000000000000000000000000000000000000000000000000000000,PENDING,,,,OWNER_SELECTION_REQUIRED,OWNER_SELECTION_REQUIRED,DRAFT_NOT_EXECUTABLE
209,v1-mainnet-0209,0x5fc629d7f10f93ad8ace8c865dda7fea890668c0,,EOA_CANDIDATE,False,0,7980000000000,7.980000000000,7980000000000000000,7.980000000000000000,v2RawAmount = v1RawAmount * 1000000 (12->18 decimals),PENDING_OWNER_ELIGIBILITY_APPROVAL,"Ordinary EOA candidate; inclusion still depends on V1 deprecation, threshold policy and owner approval.",False,,False,0x0000000000000000000000000000000000000000000000000000000000000000,PENDING,,,,OWNER_SELECTION_REQUIRED,OWNER_SELECTION_REQUIRED,DRAFT_NOT_EXECUTABLE
210,v1-mainnet-0210,0x94926860cd40a56e3fadc4cdf22392bbb091ff6f,,EOA_CANDIDATE,False,0,7965800000000,7.965800000000,7965800000000000000,7.965800000000000000,v2RawAmount = v1RawAmount * 1000000 (12->18 decimals),PENDING_OWNER_ELIGIBILITY_APPROVAL,"Ordinary EOA candidate; inclusion still depends on V1 deprecation, threshold policy and owner approval.",False,,False,0x0000000000000000000000000000000000000000000000000000000000000000,PENDING,,,,OWNER_SELECTION_REQUIRED,OWNER_SELECTION_REQUIRED,DRAFT_NOT_EXECUTABLE
211,v1-mainnet-0211,0xb03732c0e7798dc78daeefaf2cc98fd47e0fc17e,,EOA_CANDIDATE,False,0,7958900000000,7.958900000000,7958900000000000000,7.958900000000000000,v2RawAmount = v1RawAmount * 1000000 (12->18 decimals),PENDING_OWNER_ELIGIBILITY_APPROVAL,"Ordinary EOA candidate; inclusion still depends on V1 deprecation, threshold policy and owner approval.",False,,False,0x0000000000000000000000000000000000000000000000000000000000000000,PENDING,,,,OWNER_SELECTION_REQUIRED,OWNER_SELECTION_REQUIRED,DRAFT_NOT_EXECUTABLE
212,v1-mainnet-0212,0x8b935531f24caf6afdc8f9e119acd91c496d9411,,EOA_CANDIDATE,False,0,7952500000000,7.952500000000,7952500000000000000,7.952500000000000000,v2RawAmount = v1RawAmount * 1000000 (12->18 decimals),PENDING_OWNER_ELIGIBILITY_APPROVAL,"Ordinary EOA candidate; inclusion still depends on V1 deprecation, threshold policy and owner approval.",False,,False,0x0000000000000000000000000000000000000000000000000000000000000000,PENDING,,,,OWNER_SELECTION_REQUIRED,OWNER_SELECTION_REQUIRED,DRAFT_NOT_EXECUTABLE
213,v1-mainnet-0213,0xc2150bd863adb87e748d6c47728217c05a6423d2,,EOA_CANDIDATE,False,0,7928700000000,7.928700000000,7928700000000000000,7.928700000000000000,v2RawAmount = v1RawAmount * 1000000 (12->18 decimals),PENDING_OWNER_ELIGIBILITY_APPROVAL,"Ordinary EOA candidate; inclusion still depends on V1 deprecation, threshold policy and owner approval.",False,,False,0x0000000000000000000000000000000000000000000000000000000000000000,PENDING,,,,OWNER_SELECTION_REQUIRED,OWNER_SELECTION_REQUIRED,DRAFT_NOT_EXECUTABLE
214,v1-mainnet-0214,0xf4f6d7964c543484a8d45d0d6ec4570ec13c6238,,EOA_CANDIDATE,False,0,7918200000000,7.918200000000,7918200000000000000,7.918200000000000000,v2RawAmount = v1RawAmount * 1000000 (12->18 decimals),PENDING_OWNER_ELIGIBILITY_APPROVAL,"Ordinary EOA candidate; inclusion still depends on V1 deprecation, threshold policy and owner approval.",False,,False,0x0000000000000000000000000000000000000000000000000000000000000000,PENDING,,,,OWNER_SELECTION_REQUIRED,OWNER_SELECTION_REQUIRED,DRAFT_NOT_EXECUTABLE
215,v1-mainnet-0215,0x01b9f974a8210487ee56c4caa8923add1cc6e7ca,,EOA_CANDIDATE,False,0,7883100000000,7.883100000000,7883100000000000000,7.883100000000000000,v2RawAmount = v1RawAmount * 1000000 (12->18 decimals),PENDING_OWNER_ELIGIBILITY_APPROVAL,"Ordinary EOA candidate; inclusion still depends on V1 deprecation, threshold policy and owner approval.",False,,False,0x0000000000000000000000000000000000000000000000000000000000000000,PENDING,,,,OWNER_SELECTION_REQUIRED,OWNER_SELECTION_REQUIRED,DRAFT_NOT_EXECUTABLE
216,v1-mainnet-0216,0xb3514a4569e83a35cc561f10f873e6b6c506c878,,EOA_CANDIDATE,False,0,7831700000000,7.831700000000,7831700000000000000,7.831700000000000000,v2RawAmount = v1RawAmount * 1000000 (12->18 decimals),PENDING_OWNER_ELIGIBILITY_APPROVAL,"Ordinary EOA candidate; inclusion still depends on V1 deprecation, threshold policy and owner approval.",False,,False,0x0000000000000000000000000000000000000000000000000000000000000000,PENDING,,,,OWNER_SELECTION_REQUIRED,OWNER_SELECTION_REQUIRED,DRAFT_NOT_EXECUTABLE
217,v1-mainnet-0217,0x416d3c30b5f3ebb8316a8667a8c480c4393e6f2b,,EOA_CANDIDATE,False,0,7823200000000,7.823200000000,7823200000000000000,7.823200000000000000,v2RawAmount = v1RawAmount * 1000000 (12->18 decimals),PENDING_OWNER_ELIGIBILITY_APPROVAL,"Ordinary EOA candidate; inclusion still depends on V1 deprecation, threshold policy and owner approval.",False,,False,0x0000000000000000000000000000000000000000000000000000000000000000,PENDING,,,,OWNER_SELECTION_REQUIRED,OWNER_SELECTION_REQUIRED,DRAFT_NOT_EXECUTABLE
218,v1-mainnet-0218,0xdc98fa73bad2585ba1d53c1d483954663d566cdb,,EOA_CANDIDATE,False,0,7816200000000,7.816200000000,7816200000000000000,7.816200000000000000,v2RawAmount = v1RawAmount * 1000000 (12->18 decimals),PENDING_OWNER_ELIGIBILITY_APPROVAL,"Ordinary EOA candidate; inclusion still depends on V1 deprecation, threshold policy and owner approval.",False,,False,0x0000000000000000000000000000000000000000000000000000000000000000,PENDING,,,,OWNER_SELECTION_REQUIRED,OWNER_SELECTION_REQUIRED,DRAFT_NOT_EXECUTABLE
219,v1-mainnet-0219,0x4c534d5a976ad4f00ee401202d76989c620857e7,,EOA_CANDIDATE,False,0,7800900000000,7.800900000000,7800900000000000000,7.800900000000000000,v2RawAmount = v1RawAmount * 1000000 (12->18 decimals),PENDING_OWNER_ELIGIBILITY_APPROVAL,"Ordinary EOA candidate; inclusion still depends on V1 deprecation, threshold policy and owner approval.",False,,False,0x0000000000000000000000000000000000000000000000000000000000000000,PENDING,,,,OWNER_SELECTION_REQUIRED,OWNER_SELECTION_REQUIRED,DRAFT_NOT_EXECUTABLE
220,v1-mainnet-0220,0x064d4ca3414022d892d9fd5bbc4ed74e3714d75d,,EOA_CANDIDATE,False,0,7788800000000,7.788800000000,7788800000000000000,7.788800000000000000,v2RawAmount = v1RawAmount * 1000000 (12->18 decimals),PENDING_OWNER_ELIGIBILITY_APPROVAL,"Ordinary EOA candidate; inclusion still depends on V1 deprecation, threshold policy and owner approval.",False,,False,0x0000000000000000000000000000000000000000000000000000000000000000,PENDING,,,,OWNER_SELECTION_REQUIRED,OWNER_SELECTION_REQUIRED,DRAFT_NOT_EXECUTABLE
221,v1-mainnet-0221,0x35590b98d83e56d7286500b893708c03d8d3f3d7,,EOA_CANDIDATE,False,0,7751600000000,7.751600000000,7751600000000000000,7.751600000000000000,v2RawAmount = v1RawAmount * 1000000 (12->18 decimals),PENDING_OWNER_ELIGIBILITY_APPROVAL,"Ordinary EOA candidate; inclusion still depends on V1 deprecation, threshold policy and owner approval.",False,,False,0x0000000000000000000000000000000000000000000000000000000000000000,PENDING,,,,OWNER_SELECTION_REQUIRED,OWNER_SELECTION_REQUIRED,DRAFT_NOT_EXECUTABLE
222,v1-mainnet-0222,0x91c30ca77aabcb6bf9c9dae8dc65780a965ffc46,,EOA_CANDIDATE,False,0,7749900000000,7.749900000000,7749900000000000000,7.749900000000000000,v2RawAmount = v1RawAmount * 1000000 (12->18 decimals),PENDING_OWNER_ELIGIBILITY_APPROVAL,"Ordinary EOA candidate; inclusion still depends on V1 deprecation, threshold policy and owner approval.",False,,False,0x0000000000000000000000000000000000000000000000000000000000000000,PENDING,,,,OWNER_SELECTION_REQUIRED,OWNER_SELECTION_REQUIRED,DRAFT_NOT_EXECUTABLE
223,v1-mainnet-0223,0xb835f6fef0b9271fcdba3aba4747715a1a6617b9,,EOA_CANDIDATE,False,0,7749400000000,7.749400000000,7749400000000000000,7.749400000000000000,v2RawAmount = v1RawAmount * 1000000 (12->18 decimals),PENDING_OWNER_ELIGIBILITY_APPROVAL,"Ordinary EOA candidate; inclusion still depends on V1 deprecation, threshold policy and owner approval.",False,,False,0x0000000000000000000000000000000000000000000000000000000000000000,PENDING,,,,OWNER_SELECTION_REQUIRED,OWNER_SELECTION_REQUIRED,DRAFT_NOT_EXECUTABLE
224,v1-mainnet-0224,0x099f94c9e948133861ba38c3f108f527b6dea36d,,EOA_CANDIDATE,False,0,7697900000000,7.697900000000,7697900000000000000,7.697900000000000000,v2RawAmount = v1RawAmount * 1000000 (12->18 decimals),PENDING_OWNER_ELIGIBILITY_APPROVAL,"Ordinary EOA candidate; inclusion still depends on V1 deprecation, threshold policy and owner approval.",False,,False,0x0000000000000000000000000000000000000000000000000000000000000000,PENDING,,,,OWNER_SELECTION_REQUIRED,OWNER_SELECTION_REQUIRED,DRAFT_NOT_EXECUTABLE
225,v1-mainnet-0225,0x68011c615a192d3313493f23dab2d4b4b898c5f9,,EOA_CANDIDATE,False,0,7675100000000,7.675100000000,7675100000000000000,7.675100000000000000,v2RawAmount = v1RawAmount * 1000000 (12->18 decimals),PENDING_OWNER_ELIGIBILITY_APPROVAL,"Ordinary EOA candidate; inclusion still depends on V1 deprecation, threshold policy and owner approval.",False,,False,0x0000000000000000000000000000000000000000000000000000000000000000,PENDING,,,,OWNER_SELECTION_REQUIRED,OWNER_SELECTION_REQUIRED,DRAFT_NOT_EXECUTABLE
226,v1-mainnet-0226,0xfc42fc7d1bff5e2ebd8660d47b0d6ae02ddf349f,,EOA_CANDIDATE,False,0,7671300000000,7.671300000000,7671300000000000000,7.671300000000000000,v2RawAmount = v1RawAmount * 1000000 (12->18 decimals),PENDING_OWNER_ELIGIBILITY_APPROVAL,"Ordinary EOA candidate; inclusion still depends on V1 deprecation, threshold policy and owner approval.",False,,False,0x0000000000000000000000000000000000000000000000000000000000000000,PENDING,,,,OWNER_SELECTION_REQUIRED,OWNER_SELECTION_REQUIRED,DRAFT_NOT_EXECUTABLE
227,v1-mainnet-0227,0x139d0e75cea37e7397aa8255cc52da166fc85a0d,,EOA_CANDIDATE,False,0,7651600000000,7.651600000000,7651600000000000000,7.651600000000000000,v2RawAmount = v1RawAmount * 1000000 (12->18 decimals),PENDING_OWNER_ELIGIBILITY_APPROVAL,"Ordinary EOA candidate; inclusion still depends on V1 deprecation, threshold policy and owner approval.",False,,False,0x0000000000000000000000000000000000000000000000000000000000000000,PENDING,,,,OWNER_SELECTION_REQUIRED,OWNER_SELECTION_REQUIRED,DRAFT_NOT_EXECUTABLE
228,v1-mainnet-0228,0xafacf1cfec108d7a92ab9fb66b465dae19113b67,,EOA_CANDIDATE,False,0,7637700000000,7.637700000000,7637700000000000000,7.637700000000000000,v2RawAmount = v1RawAmount * 1000000 (12->18 decimals),PENDING_OWNER_ELIGIBILITY_APPROVAL,"Ordinary EOA candidate; inclusion still depends on V1 deprecation, threshold policy and owner approval.",False,,False,0x0000000000000000000000000000000000000000000000000000000000000000,PENDING,,,,OWNER_SELECTION_REQUIRED,OWNER_SELECTION_REQUIRED,DRAFT_NOT_EXECUTABLE
229,v1-mainnet-0229,0xc0deb2cb56af54345b0235d74cf20306e46124ff,,EOA_CANDIDATE,False,0,7604500000000,7.604500000000,7604500000000000000,7.604500000000000000,v2RawAmount = v1RawAmount * 1000000 (12->18 decimals),PENDING_OWNER_ELIGIBILITY_APPROVAL,"Ordinary EOA candidate; inclusion still depends on V1 deprecation, threshold policy and owner approval.",False,,False,0x0000000000000000000000000000000000000000000000000000000000000000,PENDING,,,,OWNER_SELECTION_REQUIRED,OWNER_SELECTION_REQUIRED,DRAFT_NOT_EXECUTABLE
230,v1-mainnet-0230,0xd21136a32cd7b4c42f8b8c10e8363305bd4f5678,,EOA_CANDIDATE,False,0,7584800000000,7.584800000000,7584800000000000000,7.584800000000000000,v2RawAmount = v1RawAmount * 1000000 (12->18 decimals),PENDING_OWNER_ELIGIBILITY_APPROVAL,"Ordinary EOA candidate; inclusion still depends on V1 deprecation, threshold policy and owner approval.",False,,False,0x0000000000000000000000000000000000000000000000000000000000000000,PENDING,,,,OWNER_SELECTION_REQUIRED,OWNER_SELECTION_REQUIRED,DRAFT_NOT_EXECUTABLE
231,v1-mainnet-0231,0xc1ce31ab9e2d8bed339f45c1080332c1c9327730,,EOA_CANDIDATE,False,0,7549800000000,7.549800000000,7549800000000000000,7.549800000000000000,v2RawAmount = v1RawAmount * 1000000 (12->18 decimals),PENDING_OWNER_ELIGIBILITY_APPROVAL,"Ordinary EOA candidate; inclusion still depends on V1 deprecation, threshold policy and owner approval.",False,,False,0x0000000000000000000000000000000000000000000000000000000000000000,PENDING,,,,OWNER_SELECTION_REQUIRED,OWNER_SELECTION_REQUIRED,DRAFT_NOT_EXECUTABLE
232,v1-mainnet-0232,0x6f5be359625d3d5e825f77af126ea06e5e90ecc4,,EOA_CANDIDATE,False,0,7468400000000,7.468400000000,7468400000000000000,7.468400000000000000,v2RawAmount = v1RawAmount * 1000000 (12->18 decimals),PENDING_OWNER_ELIGIBILITY_APPROVAL,"Ordinary EOA candidate; inclusion still depends on V1 deprecation, threshold policy and owner approval.",False,,False,0x0000000000000000000000000000000000000000000000000000000000000000,PENDING,,,,OWNER_SELECTION_REQUIRED,OWNER_SELECTION_REQUIRED,DRAFT_NOT_EXECUTABLE
233,v1-mainnet-0233,0xe6b862f125555a32aedebae977c97f932818d8de,,EOA_CANDIDATE,False,0,7458900000000,7.458900000000,7458900000000000000,7.458900000000000000,v2RawAmount = v1RawAmount * 1000000 (12->18 decimals),PENDING_OWNER_ELIGIBILITY_APPROVAL,"Ordinary EOA candidate; inclusion still depends on V1 deprecation, threshold policy and owner approval.",False,,False,0x0000000000000000000000000000000000000000000000000000000000000000,PENDING,,,,OWNER_SELECTION_REQUIRED,OWNER_SELECTION_REQUIRED,DRAFT_NOT_EXECUTABLE
234,v1-mainnet-0234,0xd6d7c5c5ea28a0eee7d22e81627ba7fb2e381fa5,,EOA_CANDIDATE,False,0,7452900000000,7.452900000000,7452900000000000000,7.452900000000000000,v2RawAmount = v1RawAmount * 1000000 (12->18 decimals),PENDING_OWNER_ELIGIBILITY_APPROVAL,"Ordinary EOA candidate; inclusion still depends on V1 deprecation, threshold policy and owner approval.",False,,False,0x0000000000000000000000000000000000000000000000000000000000000000,PENDING,,,,OWNER_SELECTION_REQUIRED,OWNER_SELECTION_REQUIRED,DRAFT_NOT_EXECUTABLE
235,v1-mainnet-0235,0x5637cec5f58cd6122ebda5af250f35266c3d9076,,EOA_CANDIDATE,False,0,7439900000000,7.439900000000,7439900000000000000,7.439900000000000000,v2RawAmount = v1RawAmount * 1000000 (12->18 decimals),PENDING_OWNER_ELIGIBILITY_APPROVAL,"Ordinary EOA candidate; inclusion still depends on V1 deprecation, threshold policy and owner approval.",False,,False,0x0000000000000000000000000000000000000000000000000000000000000000,PENDING,,,,OWNER_SELECTION_REQUIRED,OWNER_SELECTION_REQUIRED,DRAFT_NOT_EXECUTABLE
236,v1-mainnet-0236,0x662cdc6ae2cd48e73f76ce653bbae4935f549e65,,EOA_CANDIDATE,False,0,7415300000000,7.415300000000,7415300000000000000,7.415300000000000000,v2RawAmount = v1RawAmount * 1000000 (12->18 decimals),PENDING_OWNER_ELIGIBILITY_APPROVAL,"Ordinary EOA candidate; inclusion still depends on V1 deprecation, threshold policy and owner approval.",False,,False,0x0000000000000000000000000000000000000000000000000000000000000000,PENDING,,,,OWNER_SELECTION_REQUIRED,OWNER_SELECTION_REQUIRED,DRAFT_NOT_EXECUTABLE
237,v1-mainnet-0237,0x33217e54a8dd2ba3b2e1a74ead77c3759a1d705e,,EOA_CANDIDATE,False,0,7374900000000,7.374900000000,7374900000000000000,7.374900000000000000,v2RawAmount = v1RawAmount * 1000000 (12->18 decimals),PENDING_OWNER_ELIGIBILITY_APPROVAL,"Ordinary EOA candidate; inclusion still depends on V1 deprecation, threshold policy and owner approval.",False,,False,0x0000000000000000000000000000000000000000000000000000000000000000,PENDING,,,,OWNER_SELECTION_REQUIRED,OWNER_SELECTION_REQUIRED,DRAFT_NOT_EXECUTABLE
238,v1-mainnet-0238,0x76ec8e918c92c7ce22ffe43b510a5b6a02044c03,,EOA_CANDIDATE,False,0,7350500000000,7.350500000000,7350500000000000000,7.350500000000000000,v2RawAmount = v1RawAmount * 1000000 (12->18 decimals),PENDING_OWNER_ELIGIBILITY_APPROVAL,"Ordinary EOA candidate; inclusion still depends on V1 deprecation, threshold policy and owner approval.",False,,False,0x0000000000000000000000000000000000000000000000000000000000000000,PENDING,,,,OWNER_SELECTION_REQUIRED,OWNER_SELECTION_REQUIRED,DRAFT_NOT_EXECUTABLE
239,v1-mainnet-0239,0x4775fd9bf4b939a0b3938a13144b78a33744956b,,EOA_CANDIDATE,False,0,7347800000000,7.347800000000,7347800000000000000,7.347800000000000000,v2RawAmount = v1RawAmount * 1000000 (12->18 decimals),PENDING_OWNER_ELIGIBILITY_APPROVAL,"Ordinary EOA candidate; inclusion still depends on V1 deprecation, threshold policy and owner approval.",False,,False,0x0000000000000000000000000000000000000000000000000000000000000000,PENDING,,,,OWNER_SELECTION_REQUIRED,OWNER_SELECTION_REQUIRED,DRAFT_NOT_EXECUTABLE
240,v1-mainnet-0240,0x66ae079790c1ff4e574cf549543e38a2a41028a8,,EOA_CANDIDATE,False,0,7339600000000,7.339600000000,7339600000000000000,7.339600000000000000,v2RawAmount = v1RawAmount * 1000000 (12->18 decimals),PENDING_OWNER_ELIGIBILITY_APPROVAL,"Ordinary EOA candidate; inclusion still depends on V1 deprecation, threshold policy and owner approval.",False,,False,0x0000000000000000000000000000000000000000000000000000000000000000,PENDING,,,,OWNER_SELECTION_REQUIRED,OWNER_SELECTION_REQUIRED,DRAFT_NOT_EXECUTABLE
241,v1-mainnet-0241,0x73e1fd09558925c0bcca8af7e9438c5711f01f00,,EOA_CANDIDATE,False,0,7287000000000,7.287000000000,7287000000000000000,7.287000000000000000,v2RawAmount = v1RawAmount * 1000000 (12->18 decimals),PENDING_OWNER_ELIGIBILITY_APPROVAL,"Ordinary EOA candidate; inclusion still depends on V1 deprecation, threshold policy and owner approval.",False,,False,0x0000000000000000000000000000000000000000000000000000000000000000,PENDING,,,,OWNER_SELECTION_REQUIRED,OWNER_SELECTION_REQUIRED,DRAFT_NOT_EXECUTABLE
242,v1-mainnet-0242,0x970f3e01dc6ea45ddc61cb11898975753273e9ac,,EOA_CANDIDATE,False,0,7246000000000,7.246000000000,7246000000000000000,7.246000000000000000,v2RawAmount = v1RawAmount * 1000000 (12->18 decimals),PENDING_OWNER_ELIGIBILITY_APPROVAL,"Ordinary EOA candidate; inclusion still depends on V1 deprecation, threshold policy and owner approval.",False,,False,0x0000000000000000000000000000000000000000000000000000000000000000,PENDING,,,,OWNER_SELECTION_REQUIRED,OWNER_SELECTION_REQUIRED,DRAFT_NOT_EXECUTABLE
243,v1-mainnet-0243,0x28a530f721a6c1132ad5500305ae2560fda1ed1d,,EOA_CANDIDATE,False,0,7234100000000,7.234100000000,7234100000000000000,7.234100000000000000,v2RawAmount = v1RawAmount * 1000000 (12->18 decimals),PENDING_OWNER_ELIGIBILITY_APPROVAL,"Ordinary EOA candidate; inclusion still depends on V1 deprecation, threshold policy and owner approval.",False,,False,0x0000000000000000000000000000000000000000000000000000000000000000,PENDING,,,,OWNER_SELECTION_REQUIRED,OWNER_SELECTION_REQUIRED,DRAFT_NOT_EXECUTABLE
244,v1-mainnet-0244,0x3ee455e731014079a5a46542f7da9f214d98c3a8,,EOA_CANDIDATE,False,0,7220200000000,7.220200000000,7220200000000000000,7.220200000000000000,v2RawAmount = v1RawAmount * 1000000 (12->18 decimals),PENDING_OWNER_ELIGIBILITY_APPROVAL,"Ordinary EOA candidate; inclusion still depends on V1 deprecation, threshold policy and owner approval.",False,,False,0x0000000000000000000000000000000000000000000000000000000000000000,PENDING,,,,OWNER_SELECTION_REQUIRED,OWNER_SELECTION_REQUIRED,DRAFT_NOT_EXECUTABLE
245,v1-mainnet-0245,0x5deaf593d8ff290d7d5f27b8222caeddef8a854d,,EOA_CANDIDATE,False,0,7209000000000,7.209000000000,7209000000000000000,7.209000000000000000,v2RawAmount = v1RawAmount * 1000000 (12->18 decimals),PENDING_OWNER_ELIGIBILITY_APPROVAL,"Ordinary EOA candidate; inclusion still depends on V1 deprecation, threshold policy and owner approval.",False,,False,0x0000000000000000000000000000000000000000000000000000000000000000,PENDING,,,,OWNER_SELECTION_REQUIRED,OWNER_SELECTION_REQUIRED,DRAFT_NOT_EXECUTABLE
246,v1-mainnet-0246,0x261c9a2395e184002981bae2112ada7f85e23760,,EOA_CANDIDATE,False,0,7180000000000,7.180000000000,7180000000000000000,7.180000000000000000,v2RawAmount = v1RawAmount * 1000000 (12->18 decimals),PENDING_OWNER_ELIGIBILITY_APPROVAL,"Ordinary EOA candidate; inclusion still depends on V1 deprecation, threshold policy and owner approval.",False,,False,0x0000000000000000000000000000000000000000000000000000000000000000,PENDING,,,,OWNER_SELECTION_REQUIRED,OWNER_SELECTION_REQUIRED,DRAFT_NOT_EXECUTABLE
247,v1-mainnet-0247,0x8856d36e2b429bd538920815648ddee5656775d6,,EOA_CANDIDATE,False,0,7177000000000,7.177000000000,7177000000000000000,7.177000000000000000,v2RawAmount = v1RawAmount * 1000000 (12->18 decimals),PENDING_OWNER_ELIGIBILITY_APPROVAL,"Ordinary EOA candidate; inclusion still depends on V1 deprecation, threshold policy and owner approval.",False,,False,0x0000000000000000000000000000000000000000000000000000000000000000,PENDING,,,,OWNER_SELECTION_REQUIRED,OWNER_SELECTION_REQUIRED,DRAFT_NOT_EXECUTABLE
248,v1-mainnet-0248,0x88033cde98615c65e5e0928d66d09fab34c5a1b1,,EOA_CANDIDATE,False,0,7174700000000,7.174700000000,7174700000000000000,7.174700000000000000,v2RawAmount = v1RawAmount * 1000000 (12->18 decimals),PENDING_OWNER_ELIGIBILITY_APPROVAL,"Ordinary EOA candidate; inclusion still depends on V1 deprecation, threshold policy and owner approval.",False,,False,0x0000000000000000000000000000000000000000000000000000000000000000,PENDING,,,,OWNER_SELECTION_REQUIRED,OWNER_SELECTION_REQUIRED,DRAFT_NOT_EXECUTABLE
249,v1-mainnet-0249,0xd5d516ff32ca2d9f0e10061e31a73db8b5c9da1d,,EOA_CANDIDATE,False,0,7135800000000,7.135800000000,7135800000000000000,7.135800000000000000,v2RawAmount = v1RawAmount * 1000000 (12->18 decimals),PENDING_OWNER_ELIGIBILITY_APPROVAL,"Ordinary EOA candidate; inclusion still depends on V1 deprecation, threshold policy and owner approval.",False,,False,0x0000000000000000000000000000000000000000000000000000000000000000,PENDING,,,,OWNER_SELECTION_REQUIRED,OWNER_SELECTION_REQUIRED,DRAFT_NOT_EXECUTABLE
250,v1-mainnet-0250,0xf3a0536476848271c5a257a11e96f3e9b02cc655,,EOA_CANDIDATE,False,0,7125600000000,7.125600000000,7125600000000000000,7.125600000000000000,v2RawAmount = v1RawAmount * 1000000 (12->18 decimals),PENDING_OWNER_ELIGIBILITY_APPROVAL,"Ordinary EOA candidate; inclusion still depends on V1 deprecation, threshold policy and owner approval.",False,,False,0x0000000000000000000000000000000000000000000000000000000000000000,PENDING,,,,OWNER_SELECTION_REQUIRED,OWNER_SELECTION_REQUIRED,DRAFT_NOT_EXECUTABLE
251,v1-mainnet-0251,0x77fd12be8f953a9b4c781a61b3e5467d68eb2da6,,EOA_CANDIDATE,False,0,7125300000000,7.125300000000,7125300000000000000,7.125300000000000000,v2RawAmount = v1RawAmount * 1000000 (12->18 decimals),PENDING_OWNER_ELIGIBILITY_APPROVAL,"Ordinary EOA candidate; inclusion still depends on V1 deprecation, threshold policy and owner approval.",False,,False,0x0000000000000000000000000000000000000000000000000000000000000000,PENDING,,,,OWNER_SELECTION_REQUIRED,OWNER_SELECTION_REQUIRED,DRAFT_NOT_EXECUTABLE
252,v1-mainnet-0252,0x6a5c7c70ad01379a4d695f7246e213b89bbe0f9f,,EOA_CANDIDATE,False,0,7122100000000,7.122100000000,7122100000000000000,7.122100000000000000,v2RawAmount = v1RawAmount * 1000000 (12->18 decimals),PENDING_OWNER_ELIGIBILITY_APPROVAL,"Ordinary EOA candidate; inclusion still depends on V1 deprecation, threshold policy and owner approval.",False,,False,0x0000000000000000000000000000000000000000000000000000000000000000,PENDING,,,,OWNER_SELECTION_REQUIRED,OWNER_SELECTION_REQUIRED,DRAFT_NOT_EXECUTABLE
253,v1-mainnet-0253,0x23d6f04e4cd7837bdc0a4a8cd29aca77128ba9d1,,EOA_CANDIDATE,False,0,7112400000000,7.112400000000,7112400000000000000,7.112400000000000000,v2RawAmount = v1RawAmount * 1000000 (12->18 decimals),PENDING_OWNER_ELIGIBILITY_APPROVAL,"Ordinary EOA candidate; inclusion still depends on V1 deprecation, threshold policy and owner approval.",False,,False,0x0000000000000000000000000000000000000000000000000000000000000000,PENDING,,,,OWNER_SELECTION_REQUIRED,OWNER_SELECTION_REQUIRED,DRAFT_NOT_EXECUTABLE
254,v1-mainnet-0254,0x1f56e8b3a6bc1977a7ba0bcb1dd248c0a27bbf85,,EOA_CANDIDATE,False,0,7029500000000,7.029500000000,7029500000000000000,7.029500000000000000,v2RawAmount = v1RawAmount * 1000000 (12->18 decimals),PENDING_OWNER_ELIGIBILITY_APPROVAL,"Ordinary EOA candidate; inclusion still depends on V1 deprecation, threshold policy and owner approval.",False,,False,0x0000000000000000000000000000000000000000000000000000000000000000,PENDING,,,,OWNER_SELECTION_REQUIRED,OWNER_SELECTION_REQUIRED,DRAFT_NOT_EXECUTABLE
255,v1-mainnet-0255,0x246c1cdb2ecec1ba07483779e09acc0e29510bbb,,EOA_CANDIDATE,False,0,6983200000000,6.983200000000,6983200000000000000,6.983200000000000000,v2RawAmount = v1RawAmount * 1000000 (12->18 decimals),PENDING_OWNER_ELIGIBILITY_APPROVAL,"Ordinary EOA candidate; inclusion still depends on V1 deprecation, threshold policy and owner approval.",False,,False,0x0000000000000000000000000000000000000000000000000000000000000000,PENDING,,,,OWNER_SELECTION_REQUIRED,OWNER_SELECTION_REQUIRED,DRAFT_NOT_EXECUTABLE
256,v1-mainnet-0256,0x6b71ad78419f68737e48266a75f534a3e49246cf,,EOA_CANDIDATE,False,0,6954200000000,6.954200000000,6954200000000000000,6.954200000000000000,v2RawAmount = v1RawAmount * 1000000 (12->18 decimals),PENDING_OWNER_ELIGIBILITY_APPROVAL,"Ordinary EOA candidate; inclusion still depends on V1 deprecation, threshold policy and owner approval.",False,,False,0x0000000000000000000000000000000000000000000000000000000000000000,PENDING,,,,OWNER_SELECTION_REQUIRED,OWNER_SELECTION_REQUIRED,DRAFT_NOT_EXECUTABLE
257,v1-mainnet-0257,0xda82a056494311eae466898143a5a9feff1d92ff,,EOA_CANDIDATE,False,0,6927400000000,6.927400000000,6927400000000000000,6.927400000000000000,v2RawAmount = v1RawAmount * 1000000 (12->18 decimals),PENDING_OWNER_ELIGIBILITY_APPROVAL,"Ordinary EOA candidate; inclusion still depends on V1 deprecation, threshold policy and owner approval.",False,,False,0x0000000000000000000000000000000000000000000000000000000000000000,PENDING,,,,OWNER_SELECTION_REQUIRED,OWNER_SELECTION_REQUIRED,DRAFT_NOT_EXECUTABLE
258,v1-mainnet-0258,0x9180062b91202f6d7042a7ba3ef1a96a95f6b9f6,,EOA_CANDIDATE,False,0,6916900000000,6.916900000000,6916900000000000000,6.916900000000000000,v2RawAmount = v1RawAmount * 1000000 (12->18 decimals),PENDING_OWNER_ELIGIBILITY_APPROVAL,"Ordinary EOA candidate; inclusion still depends on V1 deprecation, threshold policy and owner approval.",False,,False,0x0000000000000000000000000000000000000000000000000000000000000000,PENDING,,,,OWNER_SELECTION_REQUIRED,OWNER_SELECTION_REQUIRED,DRAFT_NOT_EXECUTABLE
259,v1-mainnet-0259,0x545d03409e9bf706d9b47f03518378b0ad1e1e47,,EOA_CANDIDATE,False,0,6916400000000,6.916400000000,6916400000000000000,6.916400000000000000,v2RawAmount = v1RawAmount * 1000000 (12->18 decimals),PENDING_OWNER_ELIGIBILITY_APPROVAL,"Ordinary EOA candidate; inclusion still depends on V1 deprecation, threshold policy and owner approval.",False,,False,0x0000000000000000000000000000000000000000000000000000000000000000,PENDING,,,,OWNER_SELECTION_REQUIRED,OWNER_SELECTION_REQUIRED,DRAFT_NOT_EXECUTABLE
260,v1-mainnet-0260,0x7567d84457c1179dbd29e419adfaab3488168f0e,,EOA_CANDIDATE,False,0,6894000000000,6.894000000000,6894000000000000000,6.894000000000000000,v2RawAmount = v1RawAmount * 1000000 (12->18 decimals),PENDING_OWNER_ELIGIBILITY_APPROVAL,"Ordinary EOA candidate; inclusion still depends on V1 deprecation, threshold policy and owner approval.",False,,False,0x0000000000000000000000000000000000000000000000000000000000000000,PENDING,,,,OWNER_SELECTION_REQUIRED,OWNER_SELECTION_REQUIRED,DRAFT_NOT_EXECUTABLE
261,v1-mainnet-0261,0xe29e3e16ab2e3e886bc2d4bbf4f66293c3a90dc0,,EOA_CANDIDATE,False,0,6880000000000,6.880000000000,6880000000000000000,6.880000000000000000,v2RawAmount = v1RawAmount * 1000000 (12->18 decimals),PENDING_OWNER_ELIGIBILITY_APPROVAL,"Ordinary EOA candidate; inclusion still depends on V1 deprecation, threshold policy and owner approval.",False,,False,0x0000000000000000000000000000000000000000000000000000000000000000,PENDING,,,,OWNER_SELECTION_REQUIRED,OWNER_SELECTION_REQUIRED,DRAFT_NOT_EXECUTABLE
262,v1-mainnet-0262,0xc4162fa5a18a6a590352e50abfc7654ce2e7bfe9,,EOA_CANDIDATE,False,0,6871500000000,6.871500000000,6871500000000000000,6.871500000000000000,v2RawAmount = v1RawAmount * 1000000 (12->18 decimals),PENDING_OWNER_ELIGIBILITY_APPROVAL,"Ordinary EOA candidate; inclusion still depends on V1 deprecation, threshold policy and owner approval.",False,,False,0x0000000000000000000000000000000000000000000000000000000000000000,PENDING,,,,OWNER_SELECTION_REQUIRED,OWNER_SELECTION_REQUIRED,DRAFT_NOT_EXECUTABLE
263,v1-mainnet-0263,0x8066a495c7ef7e015a4966a21637953f454b4240,,EOA_CANDIDATE,False,0,6868400000000,6.868400000000,6868400000000000000,6.868400000000000000,v2RawAmount = v1RawAmount * 1000000 (12->18 decimals),PENDING_OWNER_ELIGIBILITY_APPROVAL,"Ordinary EOA candidate; inclusion still depends on V1 deprecation, threshold policy and owner approval.",False,,False,0x0000000000000000000000000000000000000000000000000000000000000000,PENDING,,,,OWNER_SELECTION_REQUIRED,OWNER_SELECTION_REQUIRED,DRAFT_NOT_EXECUTABLE
264,v1-mainnet-0264,0x55ebdd60ed8ecde94f86bd652f90128376bf3477,,EOA_CANDIDATE,False,0,6852500000000,6.852500000000,6852500000000000000,6.852500000000000000,v2RawAmount = v1RawAmount * 1000000 (12->18 decimals),PENDING_OWNER_ELIGIBILITY_APPROVAL,"Ordinary EOA candidate; inclusion still depends on V1 deprecation, threshold policy and owner approval.",False,,False,0x0000000000000000000000000000000000000000000000000000000000000000,PENDING,,,,OWNER_SELECTION_REQUIRED,OWNER_SELECTION_REQUIRED,DRAFT_NOT_EXECUTABLE
265,v1-mainnet-0265,0x3dcc7394f424dd786ff8eb51119a307ab76126e8,,EOA_CANDIDATE,False,0,6851100000000,6.851100000000,6851100000000000000,6.851100000000000000,v2RawAmount = v1RawAmount * 1000000 (12->18 decimals),PENDING_OWNER_ELIGIBILITY_APPROVAL,"Ordinary EOA candidate; inclusion still depends on V1 deprecation, threshold policy and owner approval.",False,,False,0x0000000000000000000000000000000000000000000000000000000000000000,PENDING,,,,OWNER_SELECTION_REQUIRED,OWNER_SELECTION_REQUIRED,DRAFT_NOT_EXECUTABLE
266,v1-mainnet-0266,0xd7f03f398f68b4837e6ebba349ec990f32dd339a,,EOA_CANDIDATE,False,0,6785500000000,6.785500000000,6785500000000000000,6.785500000000000000,v2RawAmount = v1RawAmount * 1000000 (12->18 decimals),PENDING_OWNER_ELIGIBILITY_APPROVAL,"Ordinary EOA candidate; inclusion still depends on V1 deprecation, threshold policy and owner approval.",False,,False,0x0000000000000000000000000000000000000000000000000000000000000000,PENDING,,,,OWNER_SELECTION_REQUIRED,OWNER_SELECTION_REQUIRED,DRAFT_NOT_EXECUTABLE
267,v1-mainnet-0267,0x981efd1c8150c84e2381d1b25508181eb743cd52,,EOA_CANDIDATE,False,0,6760500000000,6.760500000000,6760500000000000000,6.760500000000000000,v2RawAmount = v1RawAmount * 1000000 (12->18 decimals),PENDING_OWNER_ELIGIBILITY_APPROVAL,"Ordinary EOA candidate; inclusion still depends on V1 deprecation, threshold policy and owner approval.",False,,False,0x0000000000000000000000000000000000000000000000000000000000000000,PENDING,,,,OWNER_SELECTION_REQUIRED,OWNER_SELECTION_REQUIRED,DRAFT_NOT_EXECUTABLE
268,v1-mainnet-0268,0xbd07e1c6c5f4bb3633069b268c383b4dde85ca23,,EOA_CANDIDATE,False,0,6752400000000,6.752400000000,6752400000000000000,6.752400000000000000,v2RawAmount = v1RawAmount * 1000000 (12->18 decimals),PENDING_OWNER_ELIGIBILITY_APPROVAL,"Ordinary EOA candidate; inclusion still depends on V1 deprecation, threshold policy and owner approval.",False,,False,0x0000000000000000000000000000000000000000000000000000000000000000,PENDING,,,,OWNER_SELECTION_REQUIRED,OWNER_SELECTION_REQUIRED,DRAFT_NOT_EXECUTABLE
269,v1-mainnet-0269,0xa1e7302344ca3c8184767a4d542b532ef6d6611a,,EOA_CANDIDATE,False,0,6751700000000,6.751700000000,6751700000000000000,6.751700000000000000,v2RawAmount = v1RawAmount * 1000000 (12->18 decimals),PENDING_OWNER_ELIGIBILITY_APPROVAL,"Ordinary EOA candidate; inclusion still depends on V1 deprecation, threshold policy and owner approval.",False,,False,0x0000000000000000000000000000000000000000000000000000000000000000,PENDING,,,,OWNER_SELECTION_REQUIRED,OWNER_SELECTION_REQUIRED,DRAFT_NOT_EXECUTABLE
270,v1-mainnet-0270,0x35e79dd973ff2c2945a0883a15650e8849e62cb2,,EOA_CANDIDATE,False,0,6730100000000,6.730100000000,6730100000000000000,6.730100000000000000,v2RawAmount = v1RawAmount * 1000000 (12->18 decimals),PENDING_OWNER_ELIGIBILITY_APPROVAL,"Ordinary EOA candidate; inclusion still depends on V1 deprecation, threshold policy and owner approval.",False,,False,0x0000000000000000000000000000000000000000000000000000000000000000,PENDING,,,,OWNER_SELECTION_REQUIRED,OWNER_SELECTION_REQUIRED,DRAFT_NOT_EXECUTABLE
271,v1-mainnet-0271,0xab83a94ffcbcc90138692c3894dcc7bcfa48b205,,EOA_CANDIDATE,False,0,6726100000000,6.726100000000,6726100000000000000,6.726100000000000000,v2RawAmount = v1RawAmount * 1000000 (12->18 decimals),PENDING_OWNER_ELIGIBILITY_APPROVAL,"Ordinary EOA candidate; inclusion still depends on V1 deprecation, threshold policy and owner approval.",False,,False,0x0000000000000000000000000000000000000000000000000000000000000000,PENDING,,,,OWNER_SELECTION_REQUIRED,OWNER_SELECTION_REQUIRED,DRAFT_NOT_EXECUTABLE
272,v1-mainnet-0272,0xf5f57546758bdb84658cfd0631dd5a8a03e587f6,,EOA_CANDIDATE,False,0,6684100000000,6.684100000000,6684100000000000000,6.684100000000000000,v2RawAmount = v1RawAmount * 1000000 (12->18 decimals),PENDING_OWNER_ELIGIBILITY_APPROVAL,"Ordinary EOA candidate; inclusion still depends on V1 deprecation, threshold policy and owner approval.",False,,False,0x0000000000000000000000000000000000000000000000000000000000000000,PENDING,,,,OWNER_SELECTION_REQUIRED,OWNER_SELECTION_REQUIRED,DRAFT_NOT_EXECUTABLE
273,v1-mainnet-0273,0xe039f7951dcf3412794c9f595174f5babb741ad4,,EOA_CANDIDATE,False,0,6656400000000,6.656400000000,6656400000000000000,6.656400000000000000,v2RawAmount = v1RawAmount * 1000000 (12->18 decimals),PENDING_OWNER_ELIGIBILITY_APPROVAL,"Ordinary EOA candidate; inclusion still depends on V1 deprecation, threshold policy and owner approval.",False,,False,0x0000000000000000000000000000000000000000000000000000000000000000,PENDING,,,,OWNER_SELECTION_REQUIRED,OWNER_SELECTION_REQUIRED,DRAFT_NOT_EXECUTABLE
274,v1-mainnet-0274,0xad2c4b37e88b0fa63e1c18f1c0582415a6f39f7f,,EOA_CANDIDATE,False,0,6645000000000,6.645000000000,6645000000000000000,6.645000000000000000,v2RawAmount = v1RawAmount * 1000000 (12->18 decimals),PENDING_OWNER_ELIGIBILITY_APPROVAL,"Ordinary EOA candidate; inclusion still depends on V1 deprecation, threshold policy and owner approval.",False,,False,0x0000000000000000000000000000000000000000000000000000000000000000,PENDING,,,,OWNER_SELECTION_REQUIRED,OWNER_SELECTION_REQUIRED,DRAFT_NOT_EXECUTABLE
275,v1-mainnet-0275,0xb60239d9c1a70e3003ce12573f44cbe3c2fb4e1d,,EOA_CANDIDATE,False,0,6624200000000,6.624200000000,6624200000000000000,6.624200000000000000,v2RawAmount = v1RawAmount * 1000000 (12->18 decimals),PENDING_OWNER_ELIGIBILITY_APPROVAL,"Ordinary EOA candidate; inclusion still depends on V1 deprecation, threshold policy and owner approval.",False,,False,0x0000000000000000000000000000000000000000000000000000000000000000,PENDING,,,,OWNER_SELECTION_REQUIRED,OWNER_SELECTION_REQUIRED,DRAFT_NOT_EXECUTABLE
276,v1-mainnet-0276,0x45825cefbbde34fb20f3587a6c338cbb55286647,,EOA_CANDIDATE,False,0,6617300000000,6.617300000000,6617300000000000000,6.617300000000000000,v2RawAmount = v1RawAmount * 1000000 (12->18 decimals),PENDING_OWNER_ELIGIBILITY_APPROVAL,"Ordinary EOA candidate; inclusion still depends on V1 deprecation, threshold policy and owner approval.",False,,False,0x0000000000000000000000000000000000000000000000000000000000000000,PENDING,,,,OWNER_SELECTION_REQUIRED,OWNER_SELECTION_REQUIRED,DRAFT_NOT_EXECUTABLE
277,v1-mainnet-0277,0x7ce7feeb87e57f9c30b06b36f92ffc845f8d5e47,,EOA_CANDIDATE,False,0,6614700000000,6.614700000000,6614700000000000000,6.614700000000000000,v2RawAmount = v1RawAmount * 1000000 (12->18 decimals),PENDING_OWNER_ELIGIBILITY_APPROVAL,"Ordinary EOA candidate; inclusion still depends on V1 deprecation, threshold policy and owner approval.",False,,False,0x0000000000000000000000000000000000000000000000000000000000000000,PENDING,,,,OWNER_SELECTION_REQUIRED,OWNER_SELECTION_REQUIRED,DRAFT_NOT_EXECUTABLE
278,v1-mainnet-0278,0xb8a26219acc2477f73faa1cd1276ba4fa90ef22e,,EOA_CANDIDATE,False,0,6611400000000,6.611400000000,6611400000000000000,6.611400000000000000,v2RawAmount = v1RawAmount * 1000000 (12->18 decimals),PENDING_OWNER_ELIGIBILITY_APPROVAL,"Ordinary EOA candidate; inclusion still depends on V1 deprecation, threshold policy and owner approval.",False,,False,0x0000000000000000000000000000000000000000000000000000000000000000,PENDING,,,,OWNER_SELECTION_REQUIRED,OWNER_SELECTION_REQUIRED,DRAFT_NOT_EXECUTABLE
279,v1-mainnet-0279,0x37e1efb3ace4564f40c28f72d9392714e24be6ab,,EOA_CANDIDATE,False,0,6607200000000,6.607200000000,6607200000000000000,6.607200000000000000,v2RawAmount = v1RawAmount * 1000000 (12->18 decimals),PENDING_OWNER_ELIGIBILITY_APPROVAL,"Ordinary EOA candidate; inclusion still depends on V1 deprecation, threshold policy and owner approval.",False,,False,0x0000000000000000000000000000000000000000000000000000000000000000,PENDING,,,,OWNER_SELECTION_REQUIRED,OWNER_SELECTION_REQUIRED,DRAFT_NOT_EXECUTABLE
280,v1-mainnet-0280,0xf4c570e611345d4c73380abd042f15def7e64f16,,EOA_CANDIDATE,False,0,6603800000000,6.603800000000,6603800000000000000,6.603800000000000000,v2RawAmount = v1RawAmount * 1000000 (12->18 decimals),PENDING_OWNER_ELIGIBILITY_APPROVAL,"Ordinary EOA candidate; inclusion still depends on V1 deprecation, threshold policy and owner approval.",False,,False,0x0000000000000000000000000000000000000000000000000000000000000000,PENDING,,,,OWNER_SELECTION_REQUIRED,OWNER_SELECTION_REQUIRED,DRAFT_NOT_EXECUTABLE
281,v1-mainnet-0281,0x24e65fddfabf8a248285978acb706469bf744dab,,EOA_CANDIDATE,False,0,6580700000000,6.580700000000,6580700000000000000,6.580700000000000000,v2RawAmount = v1RawAmount * 1000000 (12->18 decimals),PENDING_OWNER_ELIGIBILITY_APPROVAL,"Ordinary EOA candidate; inclusion still depends on V1 deprecation, threshold policy and owner approval.",False,,False,0x0000000000000000000000000000000000000000000000000000000000000000,PENDING,,,,OWNER_SELECTION_REQUIRED,OWNER_SELECTION_REQUIRED,DRAFT_NOT_EXECUTABLE
282,v1-mainnet-0282,0x77008a01c4dae89617270499ed06bb3bf02a29ea,,EOA_CANDIDATE,False,0,6577100000000,6.577100000000,6577100000000000000,6.577100000000000000,v2RawAmount = v1RawAmount * 1000000 (12->18 decimals),PENDING_OWNER_ELIGIBILITY_APPROVAL,"Ordinary EOA candidate; inclusion still depends on V1 deprecation, threshold policy and owner approval.",False,,False,0x0000000000000000000000000000000000000000000000000000000000000000,PENDING,,,,OWNER_SELECTION_REQUIRED,OWNER_SELECTION_REQUIRED,DRAFT_NOT_EXECUTABLE
283,v1-mainnet-0283,0x75b53dc311600c49ccf4854199505ee7b9011524,,EOA_CANDIDATE,False,0,6566400000000,6.566400000000,6566400000000000000,6.566400000000000000,v2RawAmount = v1RawAmount * 1000000 (12->18 decimals),PENDING_OWNER_ELIGIBILITY_APPROVAL,"Ordinary EOA candidate; inclusion still depends on V1 deprecation, threshold policy and owner approval.",False,,False,0x0000000000000000000000000000000000000000000000000000000000000000,PENDING,,,,OWNER_SELECTION_REQUIRED,OWNER_SELECTION_REQUIRED,DRAFT_NOT_EXECUTABLE
284,v1-mainnet-0284,0x95e9690dc4ffdf4042c865acb6fd36a86d34d2ac,,EOA_CANDIDATE,False,0,6519300000000,6.519300000000,6519300000000000000,6.519300000000000000,v2RawAmount = v1RawAmount * 1000000 (12->18 decimals),PENDING_OWNER_ELIGIBILITY_APPROVAL,"Ordinary EOA candidate; inclusion still depends on V1 deprecation, threshold policy and owner approval.",False,,False,0x0000000000000000000000000000000000000000000000000000000000000000,PENDING,,,,OWNER_SELECTION_REQUIRED,OWNER_SELECTION_REQUIRED,DRAFT_NOT_EXECUTABLE
285,v1-mainnet-0285,0x08c6c0d034d85f364157da10be11cfa894723181,,EOA_CANDIDATE,False,0,6504200000000,6.504200000000,6504200000000000000,6.504200000000000000,v2RawAmount = v1RawAmount * 1000000 (12->18 decimals),PENDING_OWNER_ELIGIBILITY_APPROVAL,"Ordinary EOA candidate; inclusion still depends on V1 deprecation, threshold policy and owner approval.",False,,False,0x0000000000000000000000000000000000000000000000000000000000000000,PENDING,,,,OWNER_SELECTION_REQUIRED,OWNER_SELECTION_REQUIRED,DRAFT_NOT_EXECUTABLE
286,v1-mainnet-0286,0x241e5147399ed1daff8b3a98efa02142bcccb44f,,EOA_CANDIDATE,False,0,6492200000000,6.492200000000,6492200000000000000,6.492200000000000000,v2RawAmount = v1RawAmount * 1000000 (12->18 decimals),PENDING_OWNER_ELIGIBILITY_APPROVAL,"Ordinary EOA candidate; inclusion still depends on V1 deprecation, threshold policy and owner approval.",False,,False,0x0000000000000000000000000000000000000000000000000000000000000000,PENDING,,,,OWNER_SELECTION_REQUIRED,OWNER_SELECTION_REQUIRED,DRAFT_NOT_EXECUTABLE
287,v1-mainnet-0287,0xb38649ead283434205d5f08428d6aab34dbd96fe,,EOA_CANDIDATE,False,0,6438500000000,6.438500000000,6438500000000000000,6.438500000000000000,v2RawAmount = v1RawAmount * 1000000 (12->18 decimals),PENDING_OWNER_ELIGIBILITY_APPROVAL,"Ordinary EOA candidate; inclusion still depends on V1 deprecation, threshold policy and owner approval.",False,,False,0x0000000000000000000000000000000000000000000000000000000000000000,PENDING,,,,OWNER_SELECTION_REQUIRED,OWNER_SELECTION_REQUIRED,DRAFT_NOT_EXECUTABLE
288,v1-mainnet-0288,0x53a27da203031a92cf72568485099fe1ea42d4eb,,EOA_CANDIDATE,False,0,6396400000000,6.396400000000,6396400000000000000,6.396400000000000000,v2RawAmount = v1RawAmount * 1000000 (12->18 decimals),PENDING_OWNER_ELIGIBILITY_APPROVAL,"Ordinary EOA candidate; inclusion still depends on V1 deprecation, threshold policy and owner approval.",False,,False,0x0000000000000000000000000000000000000000000000000000000000000000,PENDING,,,,OWNER_SELECTION_REQUIRED,OWNER_SELECTION_REQUIRED,DRAFT_NOT_EXECUTABLE
289,v1-mainnet-0289,0xb9f0768ef913d8cd6f6ae654916fcb2a820e185d,,EOA_CANDIDATE,False,0,6380600000000,6.380600000000,6380600000000000000,6.380600000000000000,v2RawAmount = v1RawAmount * 1000000 (12->18 decimals),PENDING_OWNER_ELIGIBILITY_APPROVAL,"Ordinary EOA candidate; inclusion still depends on V1 deprecation, threshold policy and owner approval.",False,,False,0x0000000000000000000000000000000000000000000000000000000000000000,PENDING,,,,OWNER_SELECTION_REQUIRED,OWNER_SELECTION_REQUIRED,DRAFT_NOT_EXECUTABLE
290,v1-mainnet-0290,0x3af1f16714f3ce91ce0bd20a6b547c82b099b45e,,EOA_CANDIDATE,False,0,6375100000000,6.375100000000,6375100000000000000,6.375100000000000000,v2RawAmount = v1RawAmount * 1000000 (12->18 decimals),PENDING_OWNER_ELIGIBILITY_APPROVAL,"Ordinary EOA candidate; inclusion still depends on V1 deprecation, threshold policy and owner approval.",False,,False,0x0000000000000000000000000000000000000000000000000000000000000000,PENDING,,,,OWNER_SELECTION_REQUIRED,OWNER_SELECTION_REQUIRED,DRAFT_NOT_EXECUTABLE
291,v1-mainnet-0291,0xc5454cf5a1b45286e9fc89c4ef08aff915c59cda,,EOA_CANDIDATE,False,0,6372400000000,6.372400000000,6372400000000000000,6.372400000000000000,v2RawAmount = v1RawAmount * 1000000 (12->18 decimals),PENDING_OWNER_ELIGIBILITY_APPROVAL,"Ordinary EOA candidate; inclusion still depends on V1 deprecation, threshold policy and owner approval.",False,,False,0x0000000000000000000000000000000000000000000000000000000000000000,PENDING,,,,OWNER_SELECTION_REQUIRED,OWNER_SELECTION_REQUIRED,DRAFT_NOT_EXECUTABLE
292,v1-mainnet-0292,0x232f517ef48c34375fa6fe9b1a9f59f7afba0806,,EOA_CANDIDATE,False,0,6350600000000,6.350600000000,6350600000000000000,6.350600000000000000,v2RawAmount = v1RawAmount * 1000000 (12->18 decimals),PENDING_OWNER_ELIGIBILITY_APPROVAL,"Ordinary EOA candidate; inclusion still depends on V1 deprecation, threshold policy and owner approval.",False,,False,0x0000000000000000000000000000000000000000000000000000000000000000,PENDING,,,,OWNER_SELECTION_REQUIRED,OWNER_SELECTION_REQUIRED,DRAFT_NOT_EXECUTABLE
293,v1-mainnet-0293,0x4d702c6057d9d27e0ef4824152614d2953cf19bf,,EOA_CANDIDATE,False,0,6333200000000,6.333200000000,6333200000000000000,6.333200000000000000,v2RawAmount = v1RawAmount * 1000000 (12->18 decimals),PENDING_OWNER_ELIGIBILITY_APPROVAL,"Ordinary EOA candidate; inclusion still depends on V1 deprecation, threshold policy and owner approval.",False,,False,0x0000000000000000000000000000000000000000000000000000000000000000,PENDING,,,,OWNER_SELECTION_REQUIRED,OWNER_SELECTION_REQUIRED,DRAFT_NOT_EXECUTABLE
294,v1-mainnet-0294,0x43cac53a9e3c0e4099710830ddfa84cb5283dbed,,EOA_CANDIDATE,False,0,6327900000000,6.327900000000,6327900000000000000,6.327900000000000000,v2RawAmount = v1RawAmount * 1000000 (12->18 decimals),PENDING_OWNER_ELIGIBILITY_APPROVAL,"Ordinary EOA candidate; inclusion still depends on V1 deprecation, threshold policy and owner approval.",False,,False,0x0000000000000000000000000000000000000000000000000000000000000000,PENDING,,,,OWNER_SELECTION_REQUIRED,OWNER_SELECTION_REQUIRED,DRAFT_NOT_EXECUTABLE
295,v1-mainnet-0295,0x75f9520d6a25cbd06d008240a4b97732c91bec55,,EOA_CANDIDATE,False,0,6305300000000,6.305300000000,6305300000000000000,6.305300000000000000,v2RawAmount = v1RawAmount * 1000000 (12->18 decimals),PENDING_OWNER_ELIGIBILITY_APPROVAL,"Ordinary EOA candidate; inclusion still depends on V1 deprecation, threshold policy and owner approval.",False,,False,0x0000000000000000000000000000000000000000000000000000000000000000,PENDING,,,,OWNER_SELECTION_REQUIRED,OWNER_SELECTION_REQUIRED,DRAFT_NOT_EXECUTABLE
296,v1-mainnet-0296,0xe1947398f4d353b97e063386111469165b709f2c,,EOA_CANDIDATE,False,0,6301800000000,6.301800000000,6301800000000000000,6.301800000000000000,v2RawAmount = v1RawAmount * 1000000 (12->18 decimals),PENDING_OWNER_ELIGIBILITY_APPROVAL,"Ordinary EOA candidate; inclusion still depends on V1 deprecation, threshold policy and owner approval.",False,,False,0x0000000000000000000000000000000000000000000000000000000000000000,PENDING,,,,OWNER_SELECTION_REQUIRED,OWNER_SELECTION_REQUIRED,DRAFT_NOT_EXECUTABLE
297,v1-mainnet-0297,0xd85fcb332c04859656ef1c81ff84a2fc7dd88593,,EOA_CANDIDATE,False,0,6270700000000,6.270700000000,6270700000000000000,6.270700000000000000,v2RawAmount = v1RawAmount * 1000000 (12->18 decimals),PENDING_OWNER_ELIGIBILITY_APPROVAL,"Ordinary EOA candidate; inclusion still depends on V1 deprecation, threshold policy and owner approval.",False,,False,0x0000000000000000000000000000000000000000000000000000000000000000,PENDING,,,,OWNER_SELECTION_REQUIRED,OWNER_SELECTION_REQUIRED,DRAFT_NOT_EXECUTABLE
298,v1-mainnet-0298,0xcefbb7f71994cd57914906d98d147b3129a2d700,,EOA_CANDIDATE,False,0,6246309693238,6.246309693238,6246309693238000000,6.246309693238000000,v2RawAmount = v1RawAmount * 1000000 (12->18 decimals),PENDING_OWNER_ELIGIBILITY_APPROVAL,"Ordinary EOA candidate; inclusion still depends on V1 deprecation, threshold policy and owner approval.",False,,False,0x0000000000000000000000000000000000000000000000000000000000000000,PENDING,,,,OWNER_SELECTION_REQUIRED,OWNER_SELECTION_REQUIRED,DRAFT_NOT_EXECUTABLE
299,v1-mainnet-0299,0xe43ae0bb56b6fe807dd506815394b3d9d06874bf,,EOA_CANDIDATE,False,0,6246300000000,6.246300000000,6246300000000000000,6.246300000000000000,v2RawAmount = v1RawAmount * 1000000 (12->18 decimals),PENDING_OWNER_ELIGIBILITY_APPROVAL,"Ordinary EOA candidate; inclusion still depends on V1 deprecation, threshold policy and owner approval.",False,,False,0x0000000000000000000000000000000000000000000000000000000000000000,PENDING,,,,OWNER_SELECTION_REQUIRED,OWNER_SELECTION_REQUIRED,DRAFT_NOT_EXECUTABLE
300,v1-mainnet-0300,0xed89aa9833ca8b8fb9b2398fb9efa04c0960259d,,EOA_CANDIDATE,False,0,6245900000000,6.245900000000,6245900000000000000,6.245900000000000000,v2RawAmount = v1RawAmount * 1000000 (12->18 decimals),PENDING_OWNER_ELIGIBILITY_APPROVAL,"Ordinary EOA candidate; inclusion still depends on V1 deprecation, threshold policy and owner approval.",False,,False,0x0000000000000000000000000000000000000000000000000000000000000000,PENDING,,,,OWNER_SELECTION_REQUIRED,OWNER_SELECTION_REQUIRED,DRAFT_NOT_EXECUTABLE
301,v1-mainnet-0301,0x23029f4e2453016dc3211b69d0b4923c4ef85f51,,EOA_CANDIDATE,False,0,6245300000000,6.245300000000,6245300000000000000,6.245300000000000000,v2RawAmount = v1RawAmount * 1000000 (12->18 decimals),PENDING_OWNER_ELIGIBILITY_APPROVAL,"Ordinary EOA candidate; inclusion still depends on V1 deprecation, threshold policy and owner approval.",False,,False,0x0000000000000000000000000000000000000000000000000000000000000000,PENDING,,,,OWNER_SELECTION_REQUIRED,OWNER_SELECTION_REQUIRED,DRAFT_NOT_EXECUTABLE
302,v1-mainnet-0302,0x76da616946e0aa134f22d90363abec9dc573b8d8,,EOA_CANDIDATE,False,0,6231200000000,6.231200000000,6231200000000000000,6.231200000000000000,v2RawAmount = v1RawAmount * 1000000 (12->18 decimals),PENDING_OWNER_ELIGIBILITY_APPROVAL,"Ordinary EOA candidate; inclusion still depends on V1 deprecation, threshold policy and owner approval.",False,,False,0x0000000000000000000000000000000000000000000000000000000000000000,PENDING,,,,OWNER_SELECTION_REQUIRED,OWNER_SELECTION_REQUIRED,DRAFT_NOT_EXECUTABLE
303,v1-mainnet-0303,0x92e515bfd4f211bb2bd5a6ead1fcedc4dad34a40,,EOA_CANDIDATE,False,0,6188200000000,6.188200000000,6188200000000000000,6.188200000000000000,v2RawAmount = v1RawAmount * 1000000 (12->18 decimals),PENDING_OWNER_ELIGIBILITY_APPROVAL,"Ordinary EOA candidate; inclusion still depends on V1 deprecation, threshold policy and owner approval.",False,,False,0x0000000000000000000000000000000000000000000000000000000000000000,PENDING,,,,OWNER_SELECTION_REQUIRED,OWNER_SELECTION_REQUIRED,DRAFT_NOT_EXECUTABLE
304,v1-mainnet-0304,0xc87ca236cd5b428841a486368fb26b2723d248e3,,EOA_CANDIDATE,False,0,6176500000000,6.176500000000,6176500000000000000,6.176500000000000000,v2RawAmount = v1RawAmount * 1000000 (12->18 decimals),PENDING_OWNER_ELIGIBILITY_APPROVAL,"Ordinary EOA candidate; inclusion still depends on V1 deprecation, threshold policy and owner approval.",False,,False,0x0000000000000000000000000000000000000000000000000000000000000000,PENDING,,,,OWNER_SELECTION_REQUIRED,OWNER_SELECTION_REQUIRED,DRAFT_NOT_EXECUTABLE
305,v1-mainnet-0305,0x7992ed040ebc8d4167dd70fa72a278df8033ce77,,EOA_CANDIDATE,False,0,6171700000000,6.171700000000,6171700000000000000,6.171700000000000000,v2RawAmount = v1RawAmount * 1000000 (12->18 decimals),PENDING_OWNER_ELIGIBILITY_APPROVAL,"Ordinary EOA candidate; inclusion still depends on V1 deprecation, threshold policy and owner approval.",False,,False,0x0000000000000000000000000000000000000000000000000000000000000000,PENDING,,,,OWNER_SELECTION_REQUIRED,OWNER_SELECTION_REQUIRED,DRAFT_NOT_EXECUTABLE
306,v1-mainnet-0306,0x46ba32d99e6e584178c5a6ca249ea23afad84a47,,EOA_CANDIDATE,False,0,6143400000000,6.143400000000,6143400000000000000,6.143400000000000000,v2RawAmount = v1RawAmount * 1000000 (12->18 decimals),PENDING_OWNER_ELIGIBILITY_APPROVAL,"Ordinary EOA candidate; inclusion still depends on V1 deprecation, threshold policy and owner approval.",False,,False,0x0000000000000000000000000000000000000000000000000000000000000000,PENDING,,,,OWNER_SELECTION_REQUIRED,OWNER_SELECTION_REQUIRED,DRAFT_NOT_EXECUTABLE
307,v1-mainnet-0307,0xb45b5f644cae8c75906e5d103249c6d82e9bbdac,,EOA_CANDIDATE,False,0,6133300000000,6.133300000000,6133300000000000000,6.133300000000000000,v2RawAmount = v1RawAmount * 1000000 (12->18 decimals),PENDING_OWNER_ELIGIBILITY_APPROVAL,"Ordinary EOA candidate; inclusion still depends on V1 deprecation, threshold policy and owner approval.",False,,False,0x0000000000000000000000000000000000000000000000000000000000000000,PENDING,,,,OWNER_SELECTION_REQUIRED,OWNER_SELECTION_REQUIRED,DRAFT_NOT_EXECUTABLE
308,v1-mainnet-0308,0x2f6afd21a0ef261ee1e59401f6a8613449530712,,EOA_CANDIDATE,False,0,6133100000000,6.133100000000,6133100000000000000,6.133100000000000000,v2RawAmount = v1RawAmount * 1000000 (12->18 decimals),PENDING_OWNER_ELIGIBILITY_APPROVAL,"Ordinary EOA candidate; inclusion still depends on V1 deprecation, threshold policy and owner approval.",False,,False,0x0000000000000000000000000000000000000000000000000000000000000000,PENDING,,,,OWNER_SELECTION_REQUIRED,OWNER_SELECTION_REQUIRED,DRAFT_NOT_EXECUTABLE
309,v1-mainnet-0309,0xadea0a59196893357d155b9444d918c2695c3009,,EOA_CANDIDATE,False,0,6131300000000,6.131300000000,6131300000000000000,6.131300000000000000,v2RawAmount = v1RawAmount * 1000000 (12->18 decimals),PENDING_OWNER_ELIGIBILITY_APPROVAL,"Ordinary EOA candidate; inclusion still depends on V1 deprecation, threshold policy and owner approval.",False,,False,0x0000000000000000000000000000000000000000000000000000000000000000,PENDING,,,,OWNER_SELECTION_REQUIRED,OWNER_SELECTION_REQUIRED,DRAFT_NOT_EXECUTABLE
310,v1-mainnet-0310,0x78056161fbef3fadf9074754810ee120ad5b2444,,EOA_CANDIDATE,False,0,6125700000000,6.125700000000,6125700000000000000,6.125700000000000000,v2RawAmount = v1RawAmount * 1000000 (12->18 decimals),PENDING_OWNER_ELIGIBILITY_APPROVAL,"Ordinary EOA candidate; inclusion still depends on V1 deprecation, threshold policy and owner approval.",False,,False,0x0000000000000000000000000000000000000000000000000000000000000000,PENDING,,,,OWNER_SELECTION_REQUIRED,OWNER_SELECTION_REQUIRED,DRAFT_NOT_EXECUTABLE
311,v1-mainnet-0311,0x8e2fcac67274207213c0c26404b0289eca3985ed,,EOA_CANDIDATE,False,0,6122200000000,6.122200000000,6122200000000000000,6.122200000000000000,v2RawAmount = v1RawAmount * 1000000 (12->18 decimals),PENDING_OWNER_ELIGIBILITY_APPROVAL,"Ordinary EOA candidate; inclusion still depends on V1 deprecation, threshold policy and owner approval.",False,,False,0x0000000000000000000000000000000000000000000000000000000000000000,PENDING,,,,OWNER_SELECTION_REQUIRED,OWNER_SELECTION_REQUIRED,DRAFT_NOT_EXECUTABLE
312,v1-mainnet-0312,0x0c12708ba4a1351f028763d326ba17924472dbc2,,EOA_CANDIDATE,False,0,6115200000000,6.115200000000,6115200000000000000,6.115200000000000000,v2RawAmount = v1RawAmount * 1000000 (12->18 decimals),PENDING_OWNER_ELIGIBILITY_APPROVAL,"Ordinary EOA candidate; inclusion still depends on V1 deprecation, threshold policy and owner approval.",False,,False,0x0000000000000000000000000000000000000000000000000000000000000000,PENDING,,,,OWNER_SELECTION_REQUIRED,OWNER_SELECTION_REQUIRED,DRAFT_NOT_EXECUTABLE
313,v1-mainnet-0313,0x6a6b4a61d88f7a8313584cb03f4ed2ee032ff918,,EOA_CANDIDATE,False,0,6084400000000,6.084400000000,6084400000000000000,6.084400000000000000,v2RawAmount = v1RawAmount * 1000000 (12->18 decimals),PENDING_OWNER_ELIGIBILITY_APPROVAL,"Ordinary EOA candidate; inclusion still depends on V1 deprecation, threshold policy and owner approval.",False,,False,0x0000000000000000000000000000000000000000000000000000000000000000,PENDING,,,,OWNER_SELECTION_REQUIRED,OWNER_SELECTION_REQUIRED,DRAFT_NOT_EXECUTABLE
314,v1-mainnet-0314,0xf4552494355163c0e51a7c855f4c2830f78beb3b,,EOA_CANDIDATE,False,0,6077500000000,6.077500000000,6077500000000000000,6.077500000000000000,v2RawAmount = v1RawAmount * 1000000 (12->18 decimals),PENDING_OWNER_ELIGIBILITY_APPROVAL,"Ordinary EOA candidate; inclusion still depends on V1 deprecation, threshold policy and owner approval.",False,,False,0x0000000000000000000000000000000000000000000000000000000000000000,PENDING,,,,OWNER_SELECTION_REQUIRED,OWNER_SELECTION_REQUIRED,DRAFT_NOT_EXECUTABLE
315,v1-mainnet-0315,0xb9c46dfaa750be083fa46f9f7c7ab66cbfbd3a2f,,EOA_CANDIDATE,False,0,6070300000000,6.070300000000,6070300000000000000,6.070300000000000000,v2RawAmount = v1RawAmount * 1000000 (12->18 decimals),PENDING_OWNER_ELIGIBILITY_APPROVAL,"Ordinary EOA candidate; inclusion still depends on V1 deprecation, threshold policy and owner approval.",False,,False,0x0000000000000000000000000000000000000000000000000000000000000000,PENDING,,,,OWNER_SELECTION_REQUIRED,OWNER_SELECTION_REQUIRED,DRAFT_NOT_EXECUTABLE
316,v1-mainnet-0316,0xde52eda3d08707c8d04c8cdf6a5d18dd549968c7,,EOA_CANDIDATE,False,0,6041600000000,6.041600000000,6041600000000000000,6.041600000000000000,v2RawAmount = v1RawAmount * 1000000 (12->18 decimals),PENDING_OWNER_ELIGIBILITY_APPROVAL,"Ordinary EOA candidate; inclusion still depends on V1 deprecation, threshold policy and owner approval.",False,,False,0x0000000000000000000000000000000000000000000000000000000000000000,PENDING,,,,OWNER_SELECTION_REQUIRED,OWNER_SELECTION_REQUIRED,DRAFT_NOT_EXECUTABLE
317,v1-mainnet-0317,0x6900094305b42796cbdef6c856b2735728363959,,EOA_CANDIDATE,False,0,6033300000000,6.033300000000,6033300000000000000,6.033300000000000000,v2RawAmount = v1RawAmount * 1000000 (12->18 decimals),PENDING_OWNER_ELIGIBILITY_APPROVAL,"Ordinary EOA candidate; inclusion still depends on V1 deprecation, threshold policy and owner approval.",False,,False,0x0000000000000000000000000000000000000000000000000000000000000000,PENDING,,,,OWNER_SELECTION_REQUIRED,OWNER_SELECTION_REQUIRED,DRAFT_NOT_EXECUTABLE
318,v1-mainnet-0318,0x5d100867d76ca56b2ea842e9836c8fb9c3ad9e3b,,EOA_CANDIDATE,False,0,5983900000000,5.983900000000,5983900000000000000,5.983900000000000000,v2RawAmount = v1RawAmount * 1000000 (12->18 decimals),PENDING_OWNER_ELIGIBILITY_APPROVAL,"Ordinary EOA candidate; inclusion still depends on V1 deprecation, threshold policy and owner approval.",False,,False,0x0000000000000000000000000000000000000000000000000000000000000000,PENDING,,,,OWNER_SELECTION_REQUIRED,OWNER_SELECTION_REQUIRED,DRAFT_NOT_EXECUTABLE
319,v1-mainnet-0319,0x6b71aab56f94d71be942544c2fc586aadbf288e8,,EOA_CANDIDATE,False,0,5966600000000,5.966600000000,5966600000000000000,5.966600000000000000,v2RawAmount = v1RawAmount * 1000000 (12->18 decimals),PENDING_OWNER_ELIGIBILITY_APPROVAL,"Ordinary EOA candidate; inclusion still depends on V1 deprecation, threshold policy and owner approval.",False,,False,0x0000000000000000000000000000000000000000000000000000000000000000,PENDING,,,,OWNER_SELECTION_REQUIRED,OWNER_SELECTION_REQUIRED,DRAFT_NOT_EXECUTABLE
320,v1-mainnet-0320,0x49c70ff97851dd9aaf7ea27b850fb2fe975673f7,,EOA_CANDIDATE,False,0,5964700000000,5.964700000000,5964700000000000000,5.964700000000000000,v2RawAmount = v1RawAmount * 1000000 (12->18 decimals),PENDING_OWNER_ELIGIBILITY_APPROVAL,"Ordinary EOA candidate; inclusion still depends on V1 deprecation, threshold policy and owner approval.",False,,False,0x0000000000000000000000000000000000000000000000000000000000000000,PENDING,,,,OWNER_SELECTION_REQUIRED,OWNER_SELECTION_REQUIRED,DRAFT_NOT_EXECUTABLE
321,v1-mainnet-0321,0xc48e39f3d7005a970d595da2f946c5a6da7b3ea3,,EOA_CANDIDATE,False,0,5938100000000,5.938100000000,5938100000000000000,5.938100000000000000,v2RawAmount = v1RawAmount * 1000000 (12->18 decimals),PENDING_OWNER_ELIGIBILITY_APPROVAL,"Ordinary EOA candidate; inclusion still depends on V1 deprecation, threshold policy and owner approval.",False,,False,0x0000000000000000000000000000000000000000000000000000000000000000,PENDING,,,,OWNER_SELECTION_REQUIRED,OWNER_SELECTION_REQUIRED,DRAFT_NOT_EXECUTABLE
322,v1-mainnet-0322,0xfd7b5ef33802c90f1dd5306e97efde1d2ebd0f57,,EOA_CANDIDATE,False,0,5934200000000,5.934200000000,5934200000000000000,5.934200000000000000,v2RawAmount = v1RawAmount * 1000000 (12->18 decimals),PENDING_OWNER_ELIGIBILITY_APPROVAL,"Ordinary EOA candidate; inclusion still depends on V1 deprecation, threshold policy and owner approval.",False,,False,0x0000000000000000000000000000000000000000000000000000000000000000,PENDING,,,,OWNER_SELECTION_REQUIRED,OWNER_SELECTION_REQUIRED,DRAFT_NOT_EXECUTABLE
323,v1-mainnet-0323,0x775e7b30b279a2fb0df6cb46ac2353405ebe0048,,EOA_CANDIDATE,False,0,5925400000000,5.925400000000,5925400000000000000,5.925400000000000000,v2RawAmount = v1RawAmount * 1000000 (12->18 decimals),PENDING_OWNER_ELIGIBILITY_APPROVAL,"Ordinary EOA candidate; inclusion still depends on V1 deprecation, threshold policy and owner approval.",False,,False,0x0000000000000000000000000000000000000000000000000000000000000000,PENDING,,,,OWNER_SELECTION_REQUIRED,OWNER_SELECTION_REQUIRED,DRAFT_NOT_EXECUTABLE
324,v1-mainnet-0324,0x2354601171ceb8c6f96f94de4ab3634d18177e00,,EOA_CANDIDATE,False,0,5912300000000,5.912300000000,5912300000000000000,5.912300000000000000,v2RawAmount = v1RawAmount * 1000000 (12->18 decimals),PENDING_OWNER_ELIGIBILITY_APPROVAL,"Ordinary EOA candidate; inclusion still depends on V1 deprecation, threshold policy and owner approval.",False,,False,0x0000000000000000000000000000000000000000000000000000000000000000,PENDING,,,,OWNER_SELECTION_REQUIRED,OWNER_SELECTION_REQUIRED,DRAFT_NOT_EXECUTABLE
325,v1-mainnet-0325,0x6ad2ff41c79cbb938512e6c163ef53705e8862d8,,EOA_CANDIDATE,False,0,5898000000000,5.898000000000,5898000000000000000,5.898000000000000000,v2RawAmount = v1RawAmount * 1000000 (12->18 decimals),PENDING_OWNER_ELIGIBILITY_APPROVAL,"Ordinary EOA candidate; inclusion still depends on V1 deprecation, threshold policy and owner approval.",False,,False,0x0000000000000000000000000000000000000000000000000000000000000000,PENDING,,,,OWNER_SELECTION_REQUIRED,OWNER_SELECTION_REQUIRED,DRAFT_NOT_EXECUTABLE
326,v1-mainnet-0326,0xfc49695f8d6f2a5405d8d1bf3abe0434608f9fcc,,EOA_CANDIDATE,False,0,5877600000000,5.877600000000,5877600000000000000,5.877600000000000000,v2RawAmount = v1RawAmount * 1000000 (12->18 decimals),PENDING_OWNER_ELIGIBILITY_APPROVAL,"Ordinary EOA candidate; inclusion still depends on V1 deprecation, threshold policy and owner approval.",False,,False,0x0000000000000000000000000000000000000000000000000000000000000000,PENDING,,,,OWNER_SELECTION_REQUIRED,OWNER_SELECTION_REQUIRED,DRAFT_NOT_EXECUTABLE
327,v1-mainnet-0327,0x32a8e021dbece9b88aedcbc39594cfe375c773ad,,EOA_CANDIDATE,False,0,5860100000000,5.860100000000,5860100000000000000,5.860100000000000000,v2RawAmount = v1RawAmount * 1000000 (12->18 decimals),PENDING_OWNER_ELIGIBILITY_APPROVAL,"Ordinary EOA candidate; inclusion still depends on V1 deprecation, threshold policy and owner approval.",False,,False,0x0000000000000000000000000000000000000000000000000000000000000000,PENDING,,,,OWNER_SELECTION_REQUIRED,OWNER_SELECTION_REQUIRED,DRAFT_NOT_EXECUTABLE
328,v1-mainnet-0328,0x9ddc97cbebc0803b11b6369105770676a2f3bdee,,EOA_CANDIDATE,False,0,5858200000000,5.858200000000,5858200000000000000,5.858200000000000000,v2RawAmount = v1RawAmount * 1000000 (12->18 decimals),PENDING_OWNER_ELIGIBILITY_APPROVAL,"Ordinary EOA candidate; inclusion still depends on V1 deprecation, threshold policy and owner approval.",False,,False,0x0000000000000000000000000000000000000000000000000000000000000000,PENDING,,,,OWNER_SELECTION_REQUIRED,OWNER_SELECTION_REQUIRED,DRAFT_NOT_EXECUTABLE
329,v1-mainnet-0329,0xd0495d56a91e11c8cd0bfd12cd124fc0a9f9b94d,,EOA_CANDIDATE,False,0,5850400000000,5.850400000000,5850400000000000000,5.850400000000000000,v2RawAmount = v1RawAmount * 1000000 (12->18 decimals),PENDING_OWNER_ELIGIBILITY_APPROVAL,"Ordinary EOA candidate; inclusion still depends on V1 deprecation, threshold policy and owner approval.",False,,False,0x0000000000000000000000000000000000000000000000000000000000000000,PENDING,,,,OWNER_SELECTION_REQUIRED,OWNER_SELECTION_REQUIRED,DRAFT_NOT_EXECUTABLE
330,v1-mainnet-0330,0x24a9c76407fc57ac9db434285e4562cea3c0a5f2,,EOA_CANDIDATE,False,0,5830700000000,5.830700000000,5830700000000000000,5.830700000000000000,v2RawAmount = v1RawAmount * 1000000 (12->18 decimals),PENDING_OWNER_ELIGIBILITY_APPROVAL,"Ordinary EOA candidate; inclusion still depends on V1 deprecation, threshold policy and owner approval.",False,,False,0x0000000000000000000000000000000000000000000000000000000000000000,PENDING,,,,OWNER_SELECTION_REQUIRED,OWNER_SELECTION_REQUIRED,DRAFT_NOT_EXECUTABLE
331,v1-mainnet-0331,0x33f1c575b537469eafb04d736282719a531c4822,,EOA_CANDIDATE,False,0,5812600000000,5.812600000000,5812600000000000000,5.812600000000000000,v2RawAmount = v1RawAmount * 1000000 (12->18 decimals),PENDING_OWNER_ELIGIBILITY_APPROVAL,"Ordinary EOA candidate; inclusion still depends on V1 deprecation, threshold policy and owner approval.",False,,False,0x0000000000000000000000000000000000000000000000000000000000000000,PENDING,,,,OWNER_SELECTION_REQUIRED,OWNER_SELECTION_REQUIRED,DRAFT_NOT_EXECUTABLE
332,v1-mainnet-0332,0x5d38b8056a35e8d2859d0c346c58e3fb01916b4e,,EOA_CANDIDATE,False,0,5797000000000,5.797000000000,5797000000000000000,5.797000000000000000,v2RawAmount = v1RawAmount * 1000000 (12->18 decimals),PENDING_OWNER_ELIGIBILITY_APPROVAL,"Ordinary EOA candidate; inclusion still depends on V1 deprecation, threshold policy and owner approval.",False,,False,0x0000000000000000000000000000000000000000000000000000000000000000,PENDING,,,,OWNER_SELECTION_REQUIRED,OWNER_SELECTION_REQUIRED,DRAFT_NOT_EXECUTABLE
333,v1-mainnet-0333,0x7e2a214a70479fb0a6fd8dd346d46cb7625ed3a0,,EOA_CANDIDATE,False,0,5784900000000,5.784900000000,5784900000000000000,5.784900000000000000,v2RawAmount = v1RawAmount * 1000000 (12->18 decimals),PENDING_OWNER_ELIGIBILITY_APPROVAL,"Ordinary EOA candidate; inclusion still depends on V1 deprecation, threshold policy and owner approval.",False,,False,0x0000000000000000000000000000000000000000000000000000000000000000,PENDING,,,,OWNER_SELECTION_REQUIRED,OWNER_SELECTION_REQUIRED,DRAFT_NOT_EXECUTABLE
334,v1-mainnet-0334,0x5b6306043c3407748b47d0463b02abb063420c06,,EOA_CANDIDATE,False,0,5766200000000,5.766200000000,5766200000000000000,5.766200000000000000,v2RawAmount = v1RawAmount * 1000000 (12->18 decimals),PENDING_OWNER_ELIGIBILITY_APPROVAL,"Ordinary EOA candidate; inclusion still depends on V1 deprecation, threshold policy and owner approval.",False,,False,0x0000000000000000000000000000000000000000000000000000000000000000,PENDING,,,,OWNER_SELECTION_REQUIRED,OWNER_SELECTION_REQUIRED,DRAFT_NOT_EXECUTABLE
335,v1-mainnet-0335,0xf635e0e45b6b72697f2d7bd73aab66cea3aa6706,,EOA_CANDIDATE,False,0,5710600000000,5.710600000000,5710600000000000000,5.710600000000000000,v2RawAmount = v1RawAmount * 1000000 (12->18 decimals),PENDING_OWNER_ELIGIBILITY_APPROVAL,"Ordinary EOA candidate; inclusion still depends on V1 deprecation, threshold policy and owner approval.",False,,False,0x0000000000000000000000000000000000000000000000000000000000000000,PENDING,,,,OWNER_SELECTION_REQUIRED,OWNER_SELECTION_REQUIRED,DRAFT_NOT_EXECUTABLE
336,v1-mainnet-0336,0xd5c1391ac354ec3e5f7ae924feb2272e3f2dab4d,,EOA_CANDIDATE,False,0,5706200000000,5.706200000000,5706200000000000000,5.706200000000000000,v2RawAmount = v1RawAmount * 1000000 (12->18 decimals),PENDING_OWNER_ELIGIBILITY_APPROVAL,"Ordinary EOA candidate; inclusion still depends on V1 deprecation, threshold policy and owner approval.",False,,False,0x0000000000000000000000000000000000000000000000000000000000000000,PENDING,,,,OWNER_SELECTION_REQUIRED,OWNER_SELECTION_REQUIRED,DRAFT_NOT_EXECUTABLE
337,v1-mainnet-0337,0xc94cd6b027bcb9a4067c626bb2d605a38d7ae653,,EOA_CANDIDATE,False,0,5695100000000,5.695100000000,5695100000000000000,5.695100000000000000,v2RawAmount = v1RawAmount * 1000000 (12->18 decimals),PENDING_OWNER_ELIGIBILITY_APPROVAL,"Ordinary EOA candidate; inclusion still depends on V1 deprecation, threshold policy and owner approval.",False,,False,0x0000000000000000000000000000000000000000000000000000000000000000,PENDING,,,,OWNER_SELECTION_REQUIRED,OWNER_SELECTION_REQUIRED,DRAFT_NOT_EXECUTABLE
338,v1-mainnet-0338,0x6b633c53374906bd1ea6511ed3619ff1b6bbec79,,EOA_CANDIDATE,False,0,5691200000000,5.691200000000,5691200000000000000,5.691200000000000000,v2RawAmount = v1RawAmount * 1000000 (12->18 decimals),PENDING_OWNER_ELIGIBILITY_APPROVAL,"Ordinary EOA candidate; inclusion still depends on V1 deprecation, threshold policy and owner approval.",False,,False,0x0000000000000000000000000000000000000000000000000000000000000000,PENDING,,,,OWNER_SELECTION_REQUIRED,OWNER_SELECTION_REQUIRED,DRAFT_NOT_EXECUTABLE
339,v1-mainnet-0339,0x78a46db1fc712b9fe4f8f11400e1d02f31954816,,EOA_CANDIDATE,False,0,5625300000000,5.625300000000,5625300000000000000,5.625300000000000000,v2RawAmount = v1RawAmount * 1000000 (12->18 decimals),PENDING_OWNER_ELIGIBILITY_APPROVAL,"Ordinary EOA candidate; inclusion still depends on V1 deprecation, threshold policy and owner approval.",False,,False,0x0000000000000000000000000000000000000000000000000000000000000000,PENDING,,,,OWNER_SELECTION_REQUIRED,OWNER_SELECTION_REQUIRED,DRAFT_NOT_EXECUTABLE
340,v1-mainnet-0340,0xa8329534fdbf4d97513a71ab96d2817ebedf88dd,,EOA_CANDIDATE,False,0,5526600000000,5.526600000000,5526600000000000000,5.526600000000000000,v2RawAmount = v1RawAmount * 1000000 (12->18 decimals),PENDING_OWNER_ELIGIBILITY_APPROVAL,"Ordinary EOA candidate; inclusion still depends on V1 deprecation, threshold policy and owner approval.",False,,False,0x0000000000000000000000000000000000000000000000000000000000000000,PENDING,,,,OWNER_SELECTION_REQUIRED,OWNER_SELECTION_REQUIRED,DRAFT_NOT_EXECUTABLE
341,v1-mainnet-0341,0x8dfe45fd5d6b0304902117818286b169542bac28,,EOA_CANDIDATE,False,0,5515300000000,5.515300000000,5515300000000000000,5.515300000000000000,v2RawAmount = v1RawAmount * 1000000 (12->18 decimals),PENDING_OWNER_ELIGIBILITY_APPROVAL,"Ordinary EOA candidate; inclusion still depends on V1 deprecation, threshold policy and owner approval.",False,,False,0x0000000000000000000000000000000000000000000000000000000000000000,PENDING,,,,OWNER_SELECTION_REQUIRED,OWNER_SELECTION_REQUIRED,DRAFT_NOT_EXECUTABLE
342,v1-mainnet-0342,0x2148a3f17d39c255af1bcbf91d536f3369f6feae,,EOA_CANDIDATE,False,0,5512300000000,5.512300000000,5512300000000000000,5.512300000000000000,v2RawAmount = v1RawAmount * 1000000 (12->18 decimals),PENDING_OWNER_ELIGIBILITY_APPROVAL,"Ordinary EOA candidate; inclusion still depends on V1 deprecation, threshold policy and owner approval.",False,,False,0x0000000000000000000000000000000000000000000000000000000000000000,PENDING,,,,OWNER_SELECTION_REQUIRED,OWNER_SELECTION_REQUIRED,DRAFT_NOT_EXECUTABLE
343,v1-mainnet-0343,0xdf247051a48ca311b69f12452e84acb3fb47073a,,EOA_CANDIDATE,False,0,5479100000000,5.479100000000,5479100000000000000,5.479100000000000000,v2RawAmount = v1RawAmount * 1000000 (12->18 decimals),PENDING_OWNER_ELIGIBILITY_APPROVAL,"Ordinary EOA candidate; inclusion still depends on V1 deprecation, threshold policy and owner approval.",False,,False,0x0000000000000000000000000000000000000000000000000000000000000000,PENDING,,,,OWNER_SELECTION_REQUIRED,OWNER_SELECTION_REQUIRED,DRAFT_NOT_EXECUTABLE
344,v1-mainnet-0344,0x08b1c171638ea7b4647d1872ab85116def922d1c,,EOA_CANDIDATE,False,0,5476000000000,5.476000000000,5476000000000000000,5.476000000000000000,v2RawAmount = v1RawAmount * 1000000 (12->18 decimals),PENDING_OWNER_ELIGIBILITY_APPROVAL,"Ordinary EOA candidate; inclusion still depends on V1 deprecation, threshold policy and owner approval.",False,,False,0x0000000000000000000000000000000000000000000000000000000000000000,PENDING,,,,OWNER_SELECTION_REQUIRED,OWNER_SELECTION_REQUIRED,DRAFT_NOT_EXECUTABLE
345,v1-mainnet-0345,0x2c66df646cdce6bb446f243b4fffc28e665b3a8a,,EOA_CANDIDATE,False,0,5471000000000,5.471000000000,5471000000000000000,5.471000000000000000,v2RawAmount = v1RawAmount * 1000000 (12->18 decimals),PENDING_OWNER_ELIGIBILITY_APPROVAL,"Ordinary EOA candidate; inclusion still depends on V1 deprecation, threshold policy and owner approval.",False,,False,0x0000000000000000000000000000000000000000000000000000000000000000,PENDING,,,,OWNER_SELECTION_REQUIRED,OWNER_SELECTION_REQUIRED,DRAFT_NOT_EXECUTABLE
346,v1-mainnet-0346,0xcb7f6a6f78b6025c6d5043fa3236c53ea542cfa2,,EOA_CANDIDATE,False,0,5460000000000,5.460000000000,5460000000000000000,5.460000000000000000,v2RawAmount = v1RawAmount * 1000000 (12->18 decimals),PENDING_OWNER_ELIGIBILITY_APPROVAL,"Ordinary EOA candidate; inclusion still depends on V1 deprecation, threshold policy and owner approval.",False,,False,0x0000000000000000000000000000000000000000000000000000000000000000,PENDING,,,,OWNER_SELECTION_REQUIRED,OWNER_SELECTION_REQUIRED,DRAFT_NOT_EXECUTABLE
347,v1-mainnet-0347,0xd7e5ab7d0b102e54eaecace823233a23206ca706,,EOA_CANDIDATE,False,0,5424600000000,5.424600000000,5424600000000000000,5.424600000000000000,v2RawAmount = v1RawAmount * 1000000 (12->18 decimals),PENDING_OWNER_ELIGIBILITY_APPROVAL,"Ordinary EOA candidate; inclusion still depends on V1 deprecation, threshold policy and owner approval.",False,,False,0x0000000000000000000000000000000000000000000000000000000000000000,PENDING,,,,OWNER_SELECTION_REQUIRED,OWNER_SELECTION_REQUIRED,DRAFT_NOT_EXECUTABLE
348,v1-mainnet-0348,0x52bfca42268519d730ae1a0dfb2a15324ed90e81,,EOA_CANDIDATE,False,0,5419300000000,5.419300000000,5419300000000000000,5.419300000000000000,v2RawAmount = v1RawAmount * 1000000 (12->18 decimals),PENDING_OWNER_ELIGIBILITY_APPROVAL,"Ordinary EOA candidate; inclusion still depends on V1 deprecation, threshold policy and owner approval.",False,,False,0x0000000000000000000000000000000000000000000000000000000000000000,PENDING,,,,OWNER_SELECTION_REQUIRED,OWNER_SELECTION_REQUIRED,DRAFT_NOT_EXECUTABLE
349,v1-mainnet-0349,0xa99587024bbab12b399f522d5bc824c95cc29915,,EOA_CANDIDATE,False,0,5389400000000,5.389400000000,5389400000000000000,5.389400000000000000,v2RawAmount = v1RawAmount * 1000000 (12->18 decimals),PENDING_OWNER_ELIGIBILITY_APPROVAL,"Ordinary EOA candidate; inclusion still depends on V1 deprecation, threshold policy and owner approval.",False,,False,0x0000000000000000000000000000000000000000000000000000000000000000,PENDING,,,,OWNER_SELECTION_REQUIRED,OWNER_SELECTION_REQUIRED,DRAFT_NOT_EXECUTABLE
350,v1-mainnet-0350,0x49543b451077b53a97927f53161d953da5aedf1f,,EOA_CANDIDATE,False,0,5367300000000,5.367300000000,5367300000000000000,5.367300000000000000,v2RawAmount = v1RawAmount * 1000000 (12->18 decimals),PENDING_OWNER_ELIGIBILITY_APPROVAL,"Ordinary EOA candidate; inclusion still depends on V1 deprecation, threshold policy and owner approval.",False,,False,0x0000000000000000000000000000000000000000000000000000000000000000,PENDING,,,,OWNER_SELECTION_REQUIRED,OWNER_SELECTION_REQUIRED,DRAFT_NOT_EXECUTABLE
351,v1-mainnet-0351,0x0969f9320d84737560dbb85868b712d2276a7c2a,,EOA_CANDIDATE,False,0,5346300000000,5.346300000000,5346300000000000000,5.346300000000000000,v2RawAmount = v1RawAmount * 1000000 (12->18 decimals),PENDING_OWNER_ELIGIBILITY_APPROVAL,"Ordinary EOA candidate; inclusion still depends on V1 deprecation, threshold policy and owner approval.",False,,False,0x0000000000000000000000000000000000000000000000000000000000000000,PENDING,,,,OWNER_SELECTION_REQUIRED,OWNER_SELECTION_REQUIRED,DRAFT_NOT_EXECUTABLE
352,v1-mainnet-0352,0xad537c2581de76d86f9181f7a993a86da7bb3225,,EOA_CANDIDATE,False,0,5318100000000,5.318100000000,5318100000000000000,5.318100000000000000,v2RawAmount = v1RawAmount * 1000000 (12->18 decimals),PENDING_OWNER_ELIGIBILITY_APPROVAL,"Ordinary EOA candidate; inclusion still depends on V1 deprecation, threshold policy and owner approval.",False,,False,0x0000000000000000000000000000000000000000000000000000000000000000,PENDING,,,,OWNER_SELECTION_REQUIRED,OWNER_SELECTION_REQUIRED,DRAFT_NOT_EXECUTABLE
353,v1-mainnet-0353,0xdeb644a201617589554ea94e7f90337677926ad4,,EOA_CANDIDATE,False,0,5310400000000,5.310400000000,5310400000000000000,5.310400000000000000,v2RawAmount = v1RawAmount * 1000000 (12->18 decimals),PENDING_OWNER_ELIGIBILITY_APPROVAL,"Ordinary EOA candidate; inclusion still depends on V1 deprecation, threshold policy and owner approval.",False,,False,0x0000000000000000000000000000000000000000000000000000000000000000,PENDING,,,,OWNER_SELECTION_REQUIRED,OWNER_SELECTION_REQUIRED,DRAFT_NOT_EXECUTABLE
354,v1-mainnet-0354,0xeaf853bd4488ca7eac268b92e070470f87319230,,EOA_CANDIDATE,False,0,5305200000000,5.305200000000,5305200000000000000,5.305200000000000000,v2RawAmount = v1RawAmount * 1000000 (12->18 decimals),PENDING_OWNER_ELIGIBILITY_APPROVAL,"Ordinary EOA candidate; inclusion still depends on V1 deprecation, threshold policy and owner approval.",False,,False,0x0000000000000000000000000000000000000000000000000000000000000000,PENDING,,,,OWNER_SELECTION_REQUIRED,OWNER_SELECTION_REQUIRED,DRAFT_NOT_EXECUTABLE
355,v1-mainnet-0355,0x1ce14e349ab82ec464eb1fa1c745b110b1f0ca2d,,EOA_CANDIDATE,False,0,5222900000000,5.222900000000,5222900000000000000,5.222900000000000000,v2RawAmount = v1RawAmount * 1000000 (12->18 decimals),PENDING_OWNER_ELIGIBILITY_APPROVAL,"Ordinary EOA candidate; inclusion still depends on V1 deprecation, threshold policy and owner approval.",False,,False,0x0000000000000000000000000000000000000000000000000000000000000000,PENDING,,,,OWNER_SELECTION_REQUIRED,OWNER_SELECTION_REQUIRED,DRAFT_NOT_EXECUTABLE
356,v1-mainnet-0356,0xdd8dac95c0ff76491b9a647a0279309a205a1c07,,EOA_CANDIDATE,False,0,5209000000000,5.209000000000,5209000000000000000,5.209000000000000000,v2RawAmount = v1RawAmount * 1000000 (12->18 decimals),PENDING_OWNER_ELIGIBILITY_APPROVAL,"Ordinary EOA candidate; inclusion still depends on V1 deprecation, threshold policy and owner approval.",False,,False,0x0000000000000000000000000000000000000000000000000000000000000000,PENDING,,,,OWNER_SELECTION_REQUIRED,OWNER_SELECTION_REQUIRED,DRAFT_NOT_EXECUTABLE
357,v1-mainnet-0357,0x65c70c8f2e3c68450163d4d3e5411e7892c669c9,,EOA_CANDIDATE,False,0,5196400000000,5.196400000000,5196400000000000000,5.196400000000000000,v2RawAmount = v1RawAmount * 1000000 (12->18 decimals),PENDING_OWNER_ELIGIBILITY_APPROVAL,"Ordinary EOA candidate; inclusion still depends on V1 deprecation, threshold policy and owner approval.",False,,False,0x0000000000000000000000000000000000000000000000000000000000000000,PENDING,,,,OWNER_SELECTION_REQUIRED,OWNER_SELECTION_REQUIRED,DRAFT_NOT_EXECUTABLE
358,v1-mainnet-0358,0xb547d43fd9ce7fe9ee87f04da3ae587a992319a6,,EOA_CANDIDATE,False,0,5189700000000,5.189700000000,5189700000000000000,5.189700000000000000,v2RawAmount = v1RawAmount * 1000000 (12->18 decimals),PENDING_OWNER_ELIGIBILITY_APPROVAL,"Ordinary EOA candidate; inclusion still depends on V1 deprecation, threshold policy and owner approval.",False,,False,0x0000000000000000000000000000000000000000000000000000000000000000,PENDING,,,,OWNER_SELECTION_REQUIRED,OWNER_SELECTION_REQUIRED,DRAFT_NOT_EXECUTABLE
359,v1-mainnet-0359,0x37bf79ac51e14aaa283563b03f21d5c7baf32610,,EOA_CANDIDATE,False,0,5173100000000,5.173100000000,5173100000000000000,5.173100000000000000,v2RawAmount = v1RawAmount * 1000000 (12->18 decimals),PENDING_OWNER_ELIGIBILITY_APPROVAL,"Ordinary EOA candidate; inclusion still depends on V1 deprecation, threshold policy and owner approval.",False,,False,0x0000000000000000000000000000000000000000000000000000000000000000,PENDING,,,,OWNER_SELECTION_REQUIRED,OWNER_SELECTION_REQUIRED,DRAFT_NOT_EXECUTABLE
360,v1-mainnet-0360,0x3737c215198d8d927c67b78f7e9829b8e68d3b0e,,EOA_CANDIDATE,False,0,5155800000000,5.155800000000,5155800000000000000,5.155800000000000000,v2RawAmount = v1RawAmount * 1000000 (12->18 decimals),PENDING_OWNER_ELIGIBILITY_APPROVAL,"Ordinary EOA candidate; inclusion still depends on V1 deprecation, threshold policy and owner approval.",False,,False,0x0000000000000000000000000000000000000000000000000000000000000000,PENDING,,,,OWNER_SELECTION_REQUIRED,OWNER_SELECTION_REQUIRED,DRAFT_NOT_EXECUTABLE
361,v1-mainnet-0361,0x121f246a5e627e25d0cd900574d5eec392435192,,EOA_CANDIDATE,False,0,5121000000000,5.121000000000,5121000000000000000,5.121000000000000000,v2RawAmount = v1RawAmount * 1000000 (12->18 decimals),PENDING_OWNER_ELIGIBILITY_APPROVAL,"Ordinary EOA candidate; inclusion still depends on V1 deprecation, threshold policy and owner approval.",False,,False,0x0000000000000000000000000000000000000000000000000000000000000000,PENDING,,,,OWNER_SELECTION_REQUIRED,OWNER_SELECTION_REQUIRED,DRAFT_NOT_EXECUTABLE
362,v1-mainnet-0362,0x23233fa28db9d9186cd5f4a6015686435a602412,,EOA_CANDIDATE,False,0,5105200000000,5.105200000000,5105200000000000000,5.105200000000000000,v2RawAmount = v1RawAmount * 1000000 (12->18 decimals),PENDING_OWNER_ELIGIBILITY_APPROVAL,"Ordinary EOA candidate; inclusion still depends on V1 deprecation, threshold policy and owner approval.",False,,False,0x0000000000000000000000000000000000000000000000000000000000000000,PENDING,,,,OWNER_SELECTION_REQUIRED,OWNER_SELECTION_REQUIRED,DRAFT_NOT_EXECUTABLE
363,v1-mainnet-0363,0x55f26f3929dc8763aabde694fb44f3ded585b7ff,,EOA_CANDIDATE,False,0,5089400000000,5.089400000000,5089400000000000000,5.089400000000000000,v2RawAmount = v1RawAmount * 1000000 (12->18 decimals),PENDING_OWNER_ELIGIBILITY_APPROVAL,"Ordinary EOA candidate; inclusion still depends on V1 deprecation, threshold policy and owner approval.",False,,False,0x0000000000000000000000000000000000000000000000000000000000000000,PENDING,,,,OWNER_SELECTION_REQUIRED,OWNER_SELECTION_REQUIRED,DRAFT_NOT_EXECUTABLE
364,v1-mainnet-0364,0xc5a458789ad713c6037bb13f46b90ff884d2eacd,,EOA_CANDIDATE,False,0,5062000000000,5.062000000000,5062000000000000000,5.062000000000000000,v2RawAmount = v1RawAmount * 1000000 (12->18 decimals),PENDING_OWNER_ELIGIBILITY_APPROVAL,"Ordinary EOA candidate; inclusion still depends on V1 deprecation, threshold policy and owner approval.",False,,False,0x0000000000000000000000000000000000000000000000000000000000000000,PENDING,,,,OWNER_SELECTION_REQUIRED,OWNER_SELECTION_REQUIRED,DRAFT_NOT_EXECUTABLE
365,v1-mainnet-0365,0x0cf037f4e223846b901178ed12d2eb63bf4fa573,,EOA_CANDIDATE,False,0,5056200000000,5.056200000000,5056200000000000000,5.056200000000000000,v2RawAmount = v1RawAmount * 1000000 (12->18 decimals),PENDING_OWNER_ELIGIBILITY_APPROVAL,"Ordinary EOA candidate; inclusion still depends on V1 deprecation, threshold policy and owner approval.",False,,False,0x0000000000000000000000000000000000000000000000000000000000000000,PENDING,,,,OWNER_SELECTION_REQUIRED,OWNER_SELECTION_REQUIRED,DRAFT_NOT_EXECUTABLE
366,v1-mainnet-0366,0xac021a2cfd22f39e02dc799559184669c8a845ca,,EOA_CANDIDATE,False,0,5052300000000,5.052300000000,5052300000000000000,5.052300000000000000,v2RawAmount = v1RawAmount * 1000000 (12->18 decimals),PENDING_OWNER_ELIGIBILITY_APPROVAL,"Ordinary EOA candidate; inclusion still depends on V1 deprecation, threshold policy and owner approval.",False,,False,0x0000000000000000000000000000000000000000000000000000000000000000,PENDING,,,,OWNER_SELECTION_REQUIRED,OWNER_SELECTION_REQUIRED,DRAFT_NOT_EXECUTABLE
367,v1-mainnet-0367,0x8f543c836bd8db62f3b7cb8c95e4ff3da23982f3,,EOA_CANDIDATE,False,0,5000000000000,5.000000000000,5000000000000000000,5.000000000000000000,v2RawAmount = v1RawAmount * 1000000 (12->18 decimals),PENDING_OWNER_ELIGIBILITY_APPROVAL,"Ordinary EOA candidate; inclusion still depends on V1 deprecation, threshold policy and owner approval.",False,,False,0x0000000000000000000000000000000000000000000000000000000000000000,PENDING,,,,OWNER_SELECTION_REQUIRED,OWNER_SELECTION_REQUIRED,DRAFT_NOT_EXECUTABLE
368,v1-mainnet-0368,0x920ba11a906cc9a13e1c55b84a2ad67788dde13f,,EOA_CANDIDATE,False,0,4984100000000,4.984100000000,4984100000000000000,4.984100000000000000,v2RawAmount = v1RawAmount * 1000000 (12->18 decimals),PENDING_OWNER_ELIGIBILITY_APPROVAL,"Ordinary EOA candidate; inclusion still depends on V1 deprecation, threshold policy and owner approval.",False,,False,0x0000000000000000000000000000000000000000000000000000000000000000,PENDING,,,,OWNER_SELECTION_REQUIRED,OWNER_SELECTION_REQUIRED,DRAFT_NOT_EXECUTABLE
369,v1-mainnet-0369,0x9cd9da1747a25ff3936ff538c9fd0598845cfd2d,,EOA_CANDIDATE,False,0,4975400000000,4.975400000000,4975400000000000000,4.975400000000000000,v2RawAmount = v1RawAmount * 1000000 (12->18 decimals),PENDING_OWNER_ELIGIBILITY_APPROVAL,"Ordinary EOA candidate; inclusion still depends on V1 deprecation, threshold policy and owner approval.",False,,False,0x0000000000000000000000000000000000000000000000000000000000000000,PENDING,,,,OWNER_SELECTION_REQUIRED,OWNER_SELECTION_REQUIRED,DRAFT_NOT_EXECUTABLE
370,v1-mainnet-0370,0xa74f7a5d6e48267d1185c3e20eedec4690f5fa48,,EOA_CANDIDATE,False,0,4961500000000,4.961500000000,4961500000000000000,4.961500000000000000,v2RawAmount = v1RawAmount * 1000000 (12->18 decimals),PENDING_OWNER_ELIGIBILITY_APPROVAL,"Ordinary EOA candidate; inclusion still depends on V1 deprecation, threshold policy and owner approval.",False,,False,0x0000000000000000000000000000000000000000000000000000000000000000,PENDING,,,,OWNER_SELECTION_REQUIRED,OWNER_SELECTION_REQUIRED,DRAFT_NOT_EXECUTABLE
371,v1-mainnet-0371,0xacf5b8972ee8e3237c6fe8f2dcff3dd696bd2d23,,EOA_CANDIDATE,False,0,4867800000000,4.867800000000,4867800000000000000,4.867800000000000000,v2RawAmount = v1RawAmount * 1000000 (12->18 decimals),PENDING_OWNER_ELIGIBILITY_APPROVAL,"Ordinary EOA candidate; inclusion still depends on V1 deprecation, threshold policy and owner approval.",False,,False,0x0000000000000000000000000000000000000000000000000000000000000000,PENDING,,,,OWNER_SELECTION_REQUIRED,OWNER_SELECTION_REQUIRED,DRAFT_NOT_EXECUTABLE
372,v1-mainnet-0372,0x2eaad70f7ab6ca6529a2e8f8de0f1416cd9889ae,,EOA_CANDIDATE,False,0,4861300000000,4.861300000000,4861300000000000000,4.861300000000000000,v2RawAmount = v1RawAmount * 1000000 (12->18 decimals),PENDING_OWNER_ELIGIBILITY_APPROVAL,"Ordinary EOA candidate; inclusion still depends on V1 deprecation, threshold policy and owner approval.",False,,False,0x0000000000000000000000000000000000000000000000000000000000000000,PENDING,,,,OWNER_SELECTION_REQUIRED,OWNER_SELECTION_REQUIRED,DRAFT_NOT_EXECUTABLE
373,v1-mainnet-0373,0x5a4145cc6bdd490f8240437ecdec0999a7264e22,,EOA_CANDIDATE,False,0,4814600000000,4.814600000000,4814600000000000000,4.814600000000000000,v2RawAmount = v1RawAmount * 1000000 (12->18 decimals),PENDING_OWNER_ELIGIBILITY_APPROVAL,"Ordinary EOA candidate; inclusion still depends on V1 deprecation, threshold policy and owner approval.",False,,False,0x0000000000000000000000000000000000000000000000000000000000000000,PENDING,,,,OWNER_SELECTION_REQUIRED,OWNER_SELECTION_REQUIRED,DRAFT_NOT_EXECUTABLE
374,v1-mainnet-0374,0xd8f465b0090d3e39a3a408b3507b1cc2db9c3c12,,EOA_CANDIDATE,False,0,4771300000000,4.771300000000,4771300000000000000,4.771300000000000000,v2RawAmount = v1RawAmount * 1000000 (12->18 decimals),PENDING_OWNER_ELIGIBILITY_APPROVAL,"Ordinary EOA candidate; inclusion still depends on V1 deprecation, threshold policy and owner approval.",False,,False,0x0000000000000000000000000000000000000000000000000000000000000000,PENDING,,,,OWNER_SELECTION_REQUIRED,OWNER_SELECTION_REQUIRED,DRAFT_NOT_EXECUTABLE
375,v1-mainnet-0375,0xeb3031a1355c67d319f6a7b4c9e9bc5d00d026e0,,EOA_CANDIDATE,False,0,4722800000000,4.722800000000,4722800000000000000,4.722800000000000000,v2RawAmount = v1RawAmount * 1000000 (12->18 decimals),PENDING_OWNER_ELIGIBILITY_APPROVAL,"Ordinary EOA candidate; inclusion still depends on V1 deprecation, threshold policy and owner approval.",False,,False,0x0000000000000000000000000000000000000000000000000000000000000000,PENDING,,,,OWNER_SELECTION_REQUIRED,OWNER_SELECTION_REQUIRED,DRAFT_NOT_EXECUTABLE
376,v1-mainnet-0376,0x5d668723b356082e15f7d03d43ef23bca8e70795,,EOA_CANDIDATE,False,0,4704800000000,4.704800000000,4704800000000000000,4.704800000000000000,v2RawAmount = v1RawAmount * 1000000 (12->18 decimals),PENDING_OWNER_ELIGIBILITY_APPROVAL,"Ordinary EOA candidate; inclusion still depends on V1 deprecation, threshold policy and owner approval.",False,,False,0x0000000000000000000000000000000000000000000000000000000000000000,PENDING,,,,OWNER_SELECTION_REQUIRED,OWNER_SELECTION_REQUIRED,DRAFT_NOT_EXECUTABLE
377,v1-mainnet-0377,0xb4e81dddf9aba316827860b49855e4e5899fa7f5,,EOA_CANDIDATE,False,0,4684300000000,4.684300000000,4684300000000000000,4.684300000000000000,v2RawAmount = v1RawAmount * 1000000 (12->18 decimals),PENDING_OWNER_ELIGIBILITY_APPROVAL,"Ordinary EOA candidate; inclusion still depends on V1 deprecation, threshold policy and owner approval.",False,,False,0x0000000000000000000000000000000000000000000000000000000000000000,PENDING,,,,OWNER_SELECTION_REQUIRED,OWNER_SELECTION_REQUIRED,DRAFT_NOT_EXECUTABLE
378,v1-mainnet-0378,0x9125f38d09f5a05bdbd3985c26ae13ff5a709653,,EOA_CANDIDATE,False,0,4674200000000,4.674200000000,4674200000000000000,4.674200000000000000,v2RawAmount = v1RawAmount * 1000000 (12->18 decimals),PENDING_OWNER_ELIGIBILITY_APPROVAL,"Ordinary EOA candidate; inclusion still depends on V1 deprecation, threshold policy and owner approval.",False,,False,0x0000000000000000000000000000000000000000000000000000000000000000,PENDING,,,,OWNER_SELECTION_REQUIRED,OWNER_SELECTION_REQUIRED,DRAFT_NOT_EXECUTABLE
379,v1-mainnet-0379,0x67053f923d2eb0d9a1a2f5cb1792dcb9f6341d47,,EOA_CANDIDATE,False,0,4655100000000,4.655100000000,4655100000000000000,4.655100000000000000,v2RawAmount = v1RawAmount * 1000000 (12->18 decimals),PENDING_OWNER_ELIGIBILITY_APPROVAL,"Ordinary EOA candidate; inclusion still depends on V1 deprecation, threshold policy and owner approval.",False,,False,0x0000000000000000000000000000000000000000000000000000000000000000,PENDING,,,,OWNER_SELECTION_REQUIRED,OWNER_SELECTION_REQUIRED,DRAFT_NOT_EXECUTABLE
380,v1-mainnet-0380,0x64d0ce00f26921178f9f4e9cd7d725e28264321e,,EOA_CANDIDATE,False,0,4644200000000,4.644200000000,4644200000000000000,4.644200000000000000,v2RawAmount = v1RawAmount * 1000000 (12->18 decimals),PENDING_OWNER_ELIGIBILITY_APPROVAL,"Ordinary EOA candidate; inclusion still depends on V1 deprecation, threshold policy and owner approval.",False,,False,0x0000000000000000000000000000000000000000000000000000000000000000,PENDING,,,,OWNER_SELECTION_REQUIRED,OWNER_SELECTION_REQUIRED,DRAFT_NOT_EXECUTABLE
381,v1-mainnet-0381,0xbe5e76e454b358e7b923ef772120e386254da23e,,EOA_CANDIDATE,False,0,4639500000000,4.639500000000,4639500000000000000,4.639500000000000000,v2RawAmount = v1RawAmount * 1000000 (12->18 decimals),PENDING_OWNER_ELIGIBILITY_APPROVAL,"Ordinary EOA candidate; inclusion still depends on V1 deprecation, threshold policy and owner approval.",False,,False,0x0000000000000000000000000000000000000000000000000000000000000000,PENDING,,,,OWNER_SELECTION_REQUIRED,OWNER_SELECTION_REQUIRED,DRAFT_NOT_EXECUTABLE
382,v1-mainnet-0382,0x89e0bf543d07d5e963bd3dd427062fb24e27f98f,,EOA_CANDIDATE,False,0,4624500000000,4.624500000000,4624500000000000000,4.624500000000000000,v2RawAmount = v1RawAmount * 1000000 (12->18 decimals),PENDING_OWNER_ELIGIBILITY_APPROVAL,"Ordinary EOA candidate; inclusion still depends on V1 deprecation, threshold policy and owner approval.",False,,False,0x0000000000000000000000000000000000000000000000000000000000000000,PENDING,,,,OWNER_SELECTION_REQUIRED,OWNER_SELECTION_REQUIRED,DRAFT_NOT_EXECUTABLE
383,v1-mainnet-0383,0xf237b2e024f7f3d8aefa7e86217d17be41b07a46,,EOA_CANDIDATE,False,0,4617300000000,4.617300000000,4617300000000000000,4.617300000000000000,v2RawAmount = v1RawAmount * 1000000 (12->18 decimals),PENDING_OWNER_ELIGIBILITY_APPROVAL,"Ordinary EOA candidate; inclusion still depends on V1 deprecation, threshold policy and owner approval.",False,,False,0x0000000000000000000000000000000000000000000000000000000000000000,PENDING,,,,OWNER_SELECTION_REQUIRED,OWNER_SELECTION_REQUIRED,DRAFT_NOT_EXECUTABLE
384,v1-mainnet-0384,0x71eab142a8fa43838d5742118add01aa80b5b02d,,EOA_CANDIDATE,False,0,4614500000000,4.614500000000,4614500000000000000,4.614500000000000000,v2RawAmount = v1RawAmount * 1000000 (12->18 decimals),PENDING_OWNER_ELIGIBILITY_APPROVAL,"Ordinary EOA candidate; inclusion still depends on V1 deprecation, threshold policy and owner approval.",False,,False,0x0000000000000000000000000000000000000000000000000000000000000000,PENDING,,,,OWNER_SELECTION_REQUIRED,OWNER_SELECTION_REQUIRED,DRAFT_NOT_EXECUTABLE
385,v1-mainnet-0385,0xdaf81229aada65ece727c8081063334d74f8a8df,,EOA_CANDIDATE,False,0,4609900000000,4.609900000000,4609900000000000000,4.609900000000000000,v2RawAmount = v1RawAmount * 1000000 (12->18 decimals),PENDING_OWNER_ELIGIBILITY_APPROVAL,"Ordinary EOA candidate; inclusion still depends on V1 deprecation, threshold policy and owner approval.",False,,False,0x0000000000000000000000000000000000000000000000000000000000000000,PENDING,,,,OWNER_SELECTION_REQUIRED,OWNER_SELECTION_REQUIRED,DRAFT_NOT_EXECUTABLE
386,v1-mainnet-0386,0xccb4482b519ca4e82b29bb75bad850d1c16edd35,,EOA_CANDIDATE,False,0,4583800000000,4.583800000000,4583800000000000000,4.583800000000000000,v2RawAmount = v1RawAmount * 1000000 (12->18 decimals),PENDING_OWNER_ELIGIBILITY_APPROVAL,"Ordinary EOA candidate; inclusion still depends on V1 deprecation, threshold policy and owner approval.",False,,False,0x0000000000000000000000000000000000000000000000000000000000000000,PENDING,,,,OWNER_SELECTION_REQUIRED,OWNER_SELECTION_REQUIRED,DRAFT_NOT_EXECUTABLE
387,v1-mainnet-0387,0x5c0f3b10cd8f7721f4e608115f8b95a0d5385251,,EOA_CANDIDATE,False,0,4582400000000,4.582400000000,4582400000000000000,4.582400000000000000,v2RawAmount = v1RawAmount * 1000000 (12->18 decimals),PENDING_OWNER_ELIGIBILITY_APPROVAL,"Ordinary EOA candidate; inclusion still depends on V1 deprecation, threshold policy and owner approval.",False,,False,0x0000000000000000000000000000000000000000000000000000000000000000,PENDING,,,,OWNER_SELECTION_REQUIRED,OWNER_SELECTION_REQUIRED,DRAFT_NOT_EXECUTABLE
388,v1-mainnet-0388,0xe52d9ae01b7f7c846c0a18d1eaefda63e9a0efc9,,EOA_CANDIDATE,False,0,4569900000000,4.569900000000,4569900000000000000,4.569900000000000000,v2RawAmount = v1RawAmount * 1000000 (12->18 decimals),PENDING_OWNER_ELIGIBILITY_APPROVAL,"Ordinary EOA candidate; inclusion still depends on V1 deprecation, threshold policy and owner approval.",False,,False,0x0000000000000000000000000000000000000000000000000000000000000000,PENDING,,,,OWNER_SELECTION_REQUIRED,OWNER_SELECTION_REQUIRED,DRAFT_NOT_EXECUTABLE
389,v1-mainnet-0389,0xab1f7c8a340273c8fc5d3b9e38ec70cb43f96e5d,,EOA_CANDIDATE,False,0,4569300000000,4.569300000000,4569300000000000000,4.569300000000000000,v2RawAmount = v1RawAmount * 1000000 (12->18 decimals),PENDING_OWNER_ELIGIBILITY_APPROVAL,"Ordinary EOA candidate; inclusion still depends on V1 deprecation, threshold policy and owner approval.",False,,False,0x0000000000000000000000000000000000000000000000000000000000000000,PENDING,,,,OWNER_SELECTION_REQUIRED,OWNER_SELECTION_REQUIRED,DRAFT_NOT_EXECUTABLE
390,v1-mainnet-0390,0x13f4bf4e4dde1d310616b65f834c88cff8490221,,EOA_CANDIDATE,False,0,4548600000000,4.548600000000,4548600000000000000,4.548600000000000000,v2RawAmount = v1RawAmount * 1000000 (12->18 decimals),PENDING_OWNER_ELIGIBILITY_APPROVAL,"Ordinary EOA candidate; inclusion still depends on V1 deprecation, threshold policy and owner approval.",False,,False,0x0000000000000000000000000000000000000000000000000000000000000000,PENDING,,,,OWNER_SELECTION_REQUIRED,OWNER_SELECTION_REQUIRED,DRAFT_NOT_EXECUTABLE
391,v1-mainnet-0391,0x2392d7cccc78de8b28577dc5f09b6c9dd111f572,,EOA_CANDIDATE,False,0,4545100000000,4.545100000000,4545100000000000000,4.545100000000000000,v2RawAmount = v1RawAmount * 1000000 (12->18 decimals),PENDING_OWNER_ELIGIBILITY_APPROVAL,"Ordinary EOA candidate; inclusion still depends on V1 deprecation, threshold policy and owner approval.",False,,False,0x0000000000000000000000000000000000000000000000000000000000000000,PENDING,,,,OWNER_SELECTION_REQUIRED,OWNER_SELECTION_REQUIRED,DRAFT_NOT_EXECUTABLE
392,v1-mainnet-0392,0x5a5e3403185f6117f0c957069fc259942eacb20b,,EOA_CANDIDATE,False,0,4540100000000,4.540100000000,4540100000000000000,4.540100000000000000,v2RawAmount = v1RawAmount * 1000000 (12->18 decimals),PENDING_OWNER_ELIGIBILITY_APPROVAL,"Ordinary EOA candidate; inclusion still depends on V1 deprecation, threshold policy and owner approval.",False,,False,0x0000000000000000000000000000000000000000000000000000000000000000,PENDING,,,,OWNER_SELECTION_REQUIRED,OWNER_SELECTION_REQUIRED,DRAFT_NOT_EXECUTABLE
393,v1-mainnet-0393,0xe439894789bdc2f378cc8b142f233f80fce937a5,,EOA_CANDIDATE,False,0,4538500000000,4.538500000000,4538500000000000000,4.538500000000000000,v2RawAmount = v1RawAmount * 1000000 (12->18 decimals),PENDING_OWNER_ELIGIBILITY_APPROVAL,"Ordinary EOA candidate; inclusion still depends on V1 deprecation, threshold policy and owner approval.",False,,False,0x0000000000000000000000000000000000000000000000000000000000000000,PENDING,,,,OWNER_SELECTION_REQUIRED,OWNER_SELECTION_REQUIRED,DRAFT_NOT_EXECUTABLE
394,v1-mainnet-0394,0x5f4ed6700cc9e7a24c933bb6d23e9d33e1be03db,,EOA_CANDIDATE,False,0,4527400000000,4.527400000000,4527400000000000000,4.527400000000000000,v2RawAmount = v1RawAmount * 1000000 (12->18 decimals),PENDING_OWNER_ELIGIBILITY_APPROVAL,"Ordinary EOA candidate; inclusion still depends on V1 deprecation, threshold policy and owner approval.",False,,False,0x0000000000000000000000000000000000000000000000000000000000000000,PENDING,,,,OWNER_SELECTION_REQUIRED,OWNER_SELECTION_REQUIRED,DRAFT_NOT_EXECUTABLE
395,v1-mainnet-0395,0x396edd5728bc8473106748d7c6bc703e40627271,,EOA_CANDIDATE,False,0,4519400000000,4.519400000000,4519400000000000000,4.519400000000000000,v2RawAmount = v1RawAmount * 1000000 (12->18 decimals),PENDING_OWNER_ELIGIBILITY_APPROVAL,"Ordinary EOA candidate; inclusion still depends on V1 deprecation, threshold policy and owner approval.",False,,False,0x0000000000000000000000000000000000000000000000000000000000000000,PENDING,,,,OWNER_SELECTION_REQUIRED,OWNER_SELECTION_REQUIRED,DRAFT_NOT_EXECUTABLE
396,v1-mainnet-0396,0xcecca09ac85bed231f16fda1adbfc4960620084f,,EOA_CANDIDATE,False,0,4513500000000,4.513500000000,4513500000000000000,4.513500000000000000,v2RawAmount = v1RawAmount * 1000000 (12->18 decimals),PENDING_OWNER_ELIGIBILITY_APPROVAL,"Ordinary EOA candidate; inclusion still depends on V1 deprecation, threshold policy and owner approval.",False,,False,0x0000000000000000000000000000000000000000000000000000000000000000,PENDING,,,,OWNER_SELECTION_REQUIRED,OWNER_SELECTION_REQUIRED,DRAFT_NOT_EXECUTABLE
397,v1-mainnet-0397,0x2fc46e3a8163b69cf26b3f3731da8249131bbc99,,EOA_CANDIDATE,False,0,4513100000000,4.513100000000,4513100000000000000,4.513100000000000000,v2RawAmount = v1RawAmount * 1000000 (12->18 decimals),PENDING_OWNER_ELIGIBILITY_APPROVAL,"Ordinary EOA candidate; inclusion still depends on V1 deprecation, threshold policy and owner approval.",False,,False,0x0000000000000000000000000000000000000000000000000000000000000000,PENDING,,,,OWNER_SELECTION_REQUIRED,OWNER_SELECTION_REQUIRED,DRAFT_NOT_EXECUTABLE
398,v1-mainnet-0398,0x1dd552bbf5275ce40e0ed31cdfc0f6535bf895ae,,EOA_CANDIDATE,False,0,4511700000000,4.511700000000,4511700000000000000,4.511700000000000000,v2RawAmount = v1RawAmount * 1000000 (12->18 decimals),PENDING_OWNER_ELIGIBILITY_APPROVAL,"Ordinary EOA candidate; inclusion still depends on V1 deprecation, threshold policy and owner approval.",False,,False,0x0000000000000000000000000000000000000000000000000000000000000000,PENDING,,,,OWNER_SELECTION_REQUIRED,OWNER_SELECTION_REQUIRED,DRAFT_NOT_EXECUTABLE
399,v1-mainnet-0399,0xb6ca0fddc82f0080df6fb7b4bcfe259c51ca3d36,,EOA_CANDIDATE,False,0,4489700000000,4.489700000000,4489700000000000000,4.489700000000000000,v2RawAmount = v1RawAmount * 1000000 (12->18 decimals),PENDING_OWNER_ELIGIBILITY_APPROVAL,"Ordinary EOA candidate; inclusion still depends on V1 deprecation, threshold policy and owner approval.",False,,False,0x0000000000000000000000000000000000000000000000000000000000000000,PENDING,,,,OWNER_SELECTION_REQUIRED,OWNER_SELECTION_REQUIRED,DRAFT_NOT_EXECUTABLE
400,v1-mainnet-0400,0x9a7d01f386faec14b4329250e4d27cc57eea6e2d,,EOA_CANDIDATE,False,0,4488700000000,4.488700000000,4488700000000000000,4.488700000000000000,v2RawAmount = v1RawAmount * 1000000 (12->18 decimals),PENDING_OWNER_ELIGIBILITY_APPROVAL,"Ordinary EOA candidate; inclusion still depends on V1 deprecation, threshold policy and owner approval.",False,,False,0x0000000000000000000000000000000000000000000000000000000000000000,PENDING,,,,OWNER_SELECTION_REQUIRED,OWNER_SELECTION_REQUIRED,DRAFT_NOT_EXECUTABLE
401,v1-mainnet-0401,0xca391d7d566264db61c91c93cb263cfab3020f34,,EOA_CANDIDATE,False,0,4484300000000,4.484300000000,4484300000000000000,4.484300000000000000,v2RawAmount = v1RawAmount * 1000000 (12->18 decimals),PENDING_OWNER_ELIGIBILITY_APPROVAL,"Ordinary EOA candidate; inclusion still depends on V1 deprecation, threshold policy and owner approval.",False,,False,0x0000000000000000000000000000000000000000000000000000000000000000,PENDING,,,,OWNER_SELECTION_REQUIRED,OWNER_SELECTION_REQUIRED,DRAFT_NOT_EXECUTABLE
402,v1-mainnet-0402,0xf33985bffcc71a6c8eeebb9c9325142bb21ea00e,,EOA_CANDIDATE,False,0,4471800000000,4.471800000000,4471800000000000000,4.471800000000000000,v2RawAmount = v1RawAmount * 1000000 (12->18 decimals),PENDING_OWNER_ELIGIBILITY_APPROVAL,"Ordinary EOA candidate; inclusion still depends on V1 deprecation, threshold policy and owner approval.",False,,False,0x0000000000000000000000000000000000000000000000000000000000000000,PENDING,,,,OWNER_SELECTION_REQUIRED,OWNER_SELECTION_REQUIRED,DRAFT_NOT_EXECUTABLE
403,v1-mainnet-0403,0x16bb994411d99d8578ce5fc7c7320cef37639543,,EOA_CANDIDATE,False,0,4434400000000,4.434400000000,4434400000000000000,4.434400000000000000,v2RawAmount = v1RawAmount * 1000000 (12->18 decimals),PENDING_OWNER_ELIGIBILITY_APPROVAL,"Ordinary EOA candidate; inclusion still depends on V1 deprecation, threshold policy and owner approval.",False,,False,0x0000000000000000000000000000000000000000000000000000000000000000,PENDING,,,,OWNER_SELECTION_REQUIRED,OWNER_SELECTION_REQUIRED,DRAFT_NOT_EXECUTABLE
404,v1-mainnet-0404,0xe7f0bc0f9788f98543ba2c228b851d4efaad904f,,EOA_CANDIDATE,False,0,4430200000000,4.430200000000,4430200000000000000,4.430200000000000000,v2RawAmount = v1RawAmount * 1000000 (12->18 decimals),PENDING_OWNER_ELIGIBILITY_APPROVAL,"Ordinary EOA candidate; inclusion still depends on V1 deprecation, threshold policy and owner approval.",False,,False,0x0000000000000000000000000000000000000000000000000000000000000000,PENDING,,,,OWNER_SELECTION_REQUIRED,OWNER_SELECTION_REQUIRED,DRAFT_NOT_EXECUTABLE
405,v1-mainnet-0405,0x6759e50d1d5b8613d51d87a92c2e806c762498c2,,EOA_CANDIDATE,False,0,4407100000000,4.407100000000,4407100000000000000,4.407100000000000000,v2RawAmount = v1RawAmount * 1000000 (12->18 decimals),PENDING_OWNER_ELIGIBILITY_APPROVAL,"Ordinary EOA candidate; inclusion still depends on V1 deprecation, threshold policy and owner approval.",False,,False,0x0000000000000000000000000000000000000000000000000000000000000000,PENDING,,,,OWNER_SELECTION_REQUIRED,OWNER_SELECTION_REQUIRED,DRAFT_NOT_EXECUTABLE
406,v1-mainnet-0406,0x8de612d330a0c5161fdc7696216599708c3ac4d6,,EOA_CANDIDATE,False,0,4367400000000,4.367400000000,4367400000000000000,4.367400000000000000,v2RawAmount = v1RawAmount * 1000000 (12->18 decimals),PENDING_OWNER_ELIGIBILITY_APPROVAL,"Ordinary EOA candidate; inclusion still depends on V1 deprecation, threshold policy and owner approval.",False,,False,0x0000000000000000000000000000000000000000000000000000000000000000,PENDING,,,,OWNER_SELECTION_REQUIRED,OWNER_SELECTION_REQUIRED,DRAFT_NOT_EXECUTABLE
407,v1-mainnet-0407,0x290c07d488616aca65e4d40a1195441b8313699e,,EOA_CANDIDATE,False,0,4325000000000,4.325000000000,4325000000000000000,4.325000000000000000,v2RawAmount = v1RawAmount * 1000000 (12->18 decimals),PENDING_OWNER_ELIGIBILITY_APPROVAL,"Ordinary EOA candidate; inclusion still depends on V1 deprecation, threshold policy and owner approval.",False,,False,0x0000000000000000000000000000000000000000000000000000000000000000,PENDING,,,,OWNER_SELECTION_REQUIRED,OWNER_SELECTION_REQUIRED,DRAFT_NOT_EXECUTABLE
408,v1-mainnet-0408,0x7dec216f7ea777f38c61c5ae3d60213f33b207ce,,EOA_CANDIDATE,False,0,4317900000000,4.317900000000,4317900000000000000,4.317900000000000000,v2RawAmount = v1RawAmount * 1000000 (12->18 decimals),PENDING_OWNER_ELIGIBILITY_APPROVAL,"Ordinary EOA candidate; inclusion still depends on V1 deprecation, threshold policy and owner approval.",False,,False,0x0000000000000000000000000000000000000000000000000000000000000000,PENDING,,,,OWNER_SELECTION_REQUIRED,OWNER_SELECTION_REQUIRED,DRAFT_NOT_EXECUTABLE
409,v1-mainnet-0409,0x58a8872b8280f5762dce158244f5afae955fddc9,,EOA_CANDIDATE,False,0,4308800000000,4.308800000000,4308800000000000000,4.308800000000000000,v2RawAmount = v1RawAmount * 1000000 (12->18 decimals),PENDING_OWNER_ELIGIBILITY_APPROVAL,"Ordinary EOA candidate; inclusion still depends on V1 deprecation, threshold policy and owner approval.",False,,False,0x0000000000000000000000000000000000000000000000000000000000000000,PENDING,,,,OWNER_SELECTION_REQUIRED,OWNER_SELECTION_REQUIRED,DRAFT_NOT_EXECUTABLE
410,v1-mainnet-0410,0x96821360f6813326b39a56b988bab60ed7e2cfee,,EOA_CANDIDATE,False,0,4300000000000,4.300000000000,4300000000000000000,4.300000000000000000,v2RawAmount = v1RawAmount * 1000000 (12->18 decimals),PENDING_OWNER_ELIGIBILITY_APPROVAL,"Ordinary EOA candidate; inclusion still depends on V1 deprecation, threshold policy and owner approval.",False,,False,0x0000000000000000000000000000000000000000000000000000000000000000,PENDING,,,,OWNER_SELECTION_REQUIRED,OWNER_SELECTION_REQUIRED,DRAFT_NOT_EXECUTABLE
411,v1-mainnet-0411,0x8e903e46e071486b8e8031068cd139f1304c08ac,,EOA_CANDIDATE,False,0,4288700000000,4.288700000000,4288700000000000000,4.288700000000000000,v2RawAmount = v1RawAmount * 1000000 (12->18 decimals),PENDING_OWNER_ELIGIBILITY_APPROVAL,"Ordinary EOA candidate; inclusion still depends on V1 deprecation, threshold policy and owner approval.",False,,False,0x0000000000000000000000000000000000000000000000000000000000000000,PENDING,,,,OWNER_SELECTION_REQUIRED,OWNER_SELECTION_REQUIRED,DRAFT_NOT_EXECUTABLE
412,v1-mainnet-0412,0xe0cec88e81f5475557c3a87f6d5ed0d73a12ce2f,,EOA_CANDIDATE,False,0,4258200000000,4.258200000000,4258200000000000000,4.258200000000000000,v2RawAmount = v1RawAmount * 1000000 (12->18 decimals),PENDING_OWNER_ELIGIBILITY_APPROVAL,"Ordinary EOA candidate; inclusion still depends on V1 deprecation, threshold policy and owner approval.",False,,False,0x0000000000000000000000000000000000000000000000000000000000000000,PENDING,,,,OWNER_SELECTION_REQUIRED,OWNER_SELECTION_REQUIRED,DRAFT_NOT_EXECUTABLE
413,v1-mainnet-0413,0x4ab37b375a06182e82cef55d001cc355d3eb0924,,EOA_CANDIDATE,False,0,4250900000000,4.250900000000,4250900000000000000,4.250900000000000000,v2RawAmount = v1RawAmount * 1000000 (12->18 decimals),PENDING_OWNER_ELIGIBILITY_APPROVAL,"Ordinary EOA candidate; inclusion still depends on V1 deprecation, threshold policy and owner approval.",False,,False,0x0000000000000000000000000000000000000000000000000000000000000000,PENDING,,,,OWNER_SELECTION_REQUIRED,OWNER_SELECTION_REQUIRED,DRAFT_NOT_EXECUTABLE
414,v1-mainnet-0414,0x401e14854700f81cdc8539661872935337ab2ad1,,EOA_CANDIDATE,False,0,4246800000000,4.246800000000,4246800000000000000,4.246800000000000000,v2RawAmount = v1RawAmount * 1000000 (12->18 decimals),PENDING_OWNER_ELIGIBILITY_APPROVAL,"Ordinary EOA candidate; inclusion still depends on V1 deprecation, threshold policy and owner approval.",False,,False,0x0000000000000000000000000000000000000000000000000000000000000000,PENDING,,,,OWNER_SELECTION_REQUIRED,OWNER_SELECTION_REQUIRED,DRAFT_NOT_EXECUTABLE
415,v1-mainnet-0415,0x0248d48c0f0cc4683369c3edc224a7eb0125862d,,EOA_CANDIDATE,False,0,4218900000000,4.218900000000,4218900000000000000,4.218900000000000000,v2RawAmount = v1RawAmount * 1000000 (12->18 decimals),PENDING_OWNER_ELIGIBILITY_APPROVAL,"Ordinary EOA candidate; inclusion still depends on V1 deprecation, threshold policy and owner approval.",False,,False,0x0000000000000000000000000000000000000000000000000000000000000000,PENDING,,,,OWNER_SELECTION_REQUIRED,OWNER_SELECTION_REQUIRED,DRAFT_NOT_EXECUTABLE
416,v1-mainnet-0416,0x5a0c114c46d4fb401c7f4de5a836992c910a5bda,,EOA_CANDIDATE,False,0,4204700000000,4.204700000000,4204700000000000000,4.204700000000000000,v2RawAmount = v1RawAmount * 1000000 (12->18 decimals),PENDING_OWNER_ELIGIBILITY_APPROVAL,"Ordinary EOA candidate; inclusion still depends on V1 deprecation, threshold policy and owner approval.",False,,False,0x0000000000000000000000000000000000000000000000000000000000000000,PENDING,,,,OWNER_SELECTION_REQUIRED,OWNER_SELECTION_REQUIRED,DRAFT_NOT_EXECUTABLE
417,v1-mainnet-0417,0x86f9126543540376bc9a5c85df9fadccfeecf494,,EOA_CANDIDATE,False,0,4183300000000,4.183300000000,4183300000000000000,4.183300000000000000,v2RawAmount = v1RawAmount * 1000000 (12->18 decimals),PENDING_OWNER_ELIGIBILITY_APPROVAL,"Ordinary EOA candidate; inclusion still depends on V1 deprecation, threshold policy and owner approval.",False,,False,0x0000000000000000000000000000000000000000000000000000000000000000,PENDING,,,,OWNER_SELECTION_REQUIRED,OWNER_SELECTION_REQUIRED,DRAFT_NOT_EXECUTABLE
418,v1-mainnet-0418,0x1598519ec31b4f766fb9b48b9bd3bf93f51a808c,,EOA_CANDIDATE,False,0,4159600000000,4.159600000000,4159600000000000000,4.159600000000000000,v2RawAmount = v1RawAmount * 1000000 (12->18 decimals),PENDING_OWNER_ELIGIBILITY_APPROVAL,"Ordinary EOA candidate; inclusion still depends on V1 deprecation, threshold policy and owner approval.",False,,False,0x0000000000000000000000000000000000000000000000000000000000000000,PENDING,,,,OWNER_SELECTION_REQUIRED,OWNER_SELECTION_REQUIRED,DRAFT_NOT_EXECUTABLE
419,v1-mainnet-0419,0xa65a23ca3d22bf91166ad22aa80f58b40f9ad822,,EOA_CANDIDATE,False,0,4132700000000,4.132700000000,4132700000000000000,4.132700000000000000,v2RawAmount = v1RawAmount * 1000000 (12->18 decimals),PENDING_OWNER_ELIGIBILITY_APPROVAL,"Ordinary EOA candidate; inclusion still depends on V1 deprecation, threshold policy and owner approval.",False,,False,0x0000000000000000000000000000000000000000000000000000000000000000,PENDING,,,,OWNER_SELECTION_REQUIRED,OWNER_SELECTION_REQUIRED,DRAFT_NOT_EXECUTABLE
420,v1-mainnet-0420,0x6bc800d9800770c7bd9e5d38a412a0e7e56d6444,,EOA_CANDIDATE,False,0,4091700000000,4.091700000000,4091700000000000000,4.091700000000000000,v2RawAmount = v1RawAmount * 1000000 (12->18 decimals),PENDING_OWNER_ELIGIBILITY_APPROVAL,"Ordinary EOA candidate; inclusion still depends on V1 deprecation, threshold policy and owner approval.",False,,False,0x0000000000000000000000000000000000000000000000000000000000000000,PENDING,,,,OWNER_SELECTION_REQUIRED,OWNER_SELECTION_REQUIRED,DRAFT_NOT_EXECUTABLE
421,v1-mainnet-0421,0x810f04a9e7b967d83762baa77e1615181597ced8,,EOA_CANDIDATE,False,0,4071000000000,4.071000000000,4071000000000000000,4.071000000000000000,v2RawAmount = v1RawAmount * 1000000 (12->18 decimals),PENDING_OWNER_ELIGIBILITY_APPROVAL,"Ordinary EOA candidate; inclusion still depends on V1 deprecation, threshold policy and owner approval.",False,,False,0x0000000000000000000000000000000000000000000000000000000000000000,PENDING,,,,OWNER_SELECTION_REQUIRED,OWNER_SELECTION_REQUIRED,DRAFT_NOT_EXECUTABLE
422,v1-mainnet-0422,0xd22733e6420ec9b1399438a5eae332e0d8198d1c,,EOA_CANDIDATE,False,0,4068600000000,4.068600000000,4068600000000000000,4.068600000000000000,v2RawAmount = v1RawAmount * 1000000 (12->18 decimals),PENDING_OWNER_ELIGIBILITY_APPROVAL,"Ordinary EOA candidate; inclusion still depends on V1 deprecation, threshold policy and owner approval.",False,,False,0x0000000000000000000000000000000000000000000000000000000000000000,PENDING,,,,OWNER_SELECTION_REQUIRED,OWNER_SELECTION_REQUIRED,DRAFT_NOT_EXECUTABLE
423,v1-mainnet-0423,0x8117a00a626c4eca61946ea16ce3195516240f99,,EOA_CANDIDATE,False,0,4052000000000,4.052000000000,4052000000000000000,4.052000000000000000,v2RawAmount = v1RawAmount * 1000000 (12->18 decimals),PENDING_OWNER_ELIGIBILITY_APPROVAL,"Ordinary EOA candidate; inclusion still depends on V1 deprecation, threshold policy and owner approval.",False,,False,0x0000000000000000000000000000000000000000000000000000000000000000,PENDING,,,,OWNER_SELECTION_REQUIRED,OWNER_SELECTION_REQUIRED,DRAFT_NOT_EXECUTABLE
424,v1-mainnet-0424,0x46ce3fd42fe418e3006d2f2c828a95d5e11af9b6,,EOA_CANDIDATE,False,0,4035000000000,4.035000000000,4035000000000000000,4.035000000000000000,v2RawAmount = v1RawAmount * 1000000 (12->18 decimals),PENDING_OWNER_ELIGIBILITY_APPROVAL,"Ordinary EOA candidate; inclusion still depends on V1 deprecation, threshold policy and owner approval.",False,,False,0x0000000000000000000000000000000000000000000000000000000000000000,PENDING,,,,OWNER_SELECTION_REQUIRED,OWNER_SELECTION_REQUIRED,DRAFT_NOT_EXECUTABLE
425,v1-mainnet-0425,0xd4c31a417c69d284ba5f43ed5439c7ea45229ffe,,EOA_CANDIDATE,False,0,4030400000000,4.030400000000,4030400000000000000,4.030400000000000000,v2RawAmount = v1RawAmount * 1000000 (12->18 decimals),PENDING_OWNER_ELIGIBILITY_APPROVAL,"Ordinary EOA candidate; inclusion still depends on V1 deprecation, threshold policy and owner approval.",False,,False,0x0000000000000000000000000000000000000000000000000000000000000000,PENDING,,,,OWNER_SELECTION_REQUIRED,OWNER_SELECTION_REQUIRED,DRAFT_NOT_EXECUTABLE
426,v1-mainnet-0426,0xe26794dacde2f363c670bba74c2096756967d585,,EOA_CANDIDATE,False,0,4004400000000,4.004400000000,4004400000000000000,4.004400000000000000,v2RawAmount = v1RawAmount * 1000000 (12->18 decimals),PENDING_OWNER_ELIGIBILITY_APPROVAL,"Ordinary EOA candidate; inclusion still depends on V1 deprecation, threshold policy and owner approval.",False,,False,0x0000000000000000000000000000000000000000000000000000000000000000,PENDING,,,,OWNER_SELECTION_REQUIRED,OWNER_SELECTION_REQUIRED,DRAFT_NOT_EXECUTABLE
427,v1-mainnet-0427,0x6b53a27afeb7516ebba31212ee07184aed3c7f13,,EOA_CANDIDATE,False,0,3992000000000,3.992000000000,3992000000000000000,3.992000000000000000,v2RawAmount = v1RawAmount * 1000000 (12->18 decimals),PENDING_OWNER_ELIGIBILITY_APPROVAL,"Ordinary EOA candidate; inclusion still depends on V1 deprecation, threshold policy and owner approval.",False,,False,0x0000000000000000000000000000000000000000000000000000000000000000,PENDING,,,,OWNER_SELECTION_REQUIRED,OWNER_SELECTION_REQUIRED,DRAFT_NOT_EXECUTABLE
428,v1-mainnet-0428,0x840c1651e37aaae6bad1ea5cade2e2ee25ecf8c2,,EOA_CANDIDATE,False,0,3969100000000,3.969100000000,3969100000000000000,3.969100000000000000,v2RawAmount = v1RawAmount * 1000000 (12->18 decimals),PENDING_OWNER_ELIGIBILITY_APPROVAL,"Ordinary EOA candidate; inclusion still depends on V1 deprecation, threshold policy and owner approval.",False,,False,0x0000000000000000000000000000000000000000000000000000000000000000,PENDING,,,,OWNER_SELECTION_REQUIRED,OWNER_SELECTION_REQUIRED,DRAFT_NOT_EXECUTABLE
429,v1-mainnet-0429,0xdaf3a24b0cf5489c8c629d3745a299e8f95c4fd1,,EOA_CANDIDATE,False,0,3963200000000,3.963200000000,3963200000000000000,3.963200000000000000,v2RawAmount = v1RawAmount * 1000000 (12->18 decimals),PENDING_OWNER_ELIGIBILITY_APPROVAL,"Ordinary EOA candidate; inclusion still depends on V1 deprecation, threshold policy and owner approval.",False,,False,0x0000000000000000000000000000000000000000000000000000000000000000,PENDING,,,,OWNER_SELECTION_REQUIRED,OWNER_SELECTION_REQUIRED,DRAFT_NOT_EXECUTABLE
430,v1-mainnet-0430,0x49368bddcd7fbd2c0962dfc5b3941b69c52c84e0,,EOA_CANDIDATE,False,0,3960300000000,3.960300000000,3960300000000000000,3.960300000000000000,v2RawAmount = v1RawAmount * 1000000 (12->18 decimals),PENDING_OWNER_ELIGIBILITY_APPROVAL,"Ordinary EOA candidate; inclusion still depends on V1 deprecation, threshold policy and owner approval.",False,,False,0x0000000000000000000000000000000000000000000000000000000000000000,PENDING,,,,OWNER_SELECTION_REQUIRED,OWNER_SELECTION_REQUIRED,DRAFT_NOT_EXECUTABLE
431,v1-mainnet-0431,0x1523d099e483f4b8815680fb4b934891f8da8483,,EOA_CANDIDATE,False,0,3956200000000,3.956200000000,3956200000000000000,3.956200000000000000,v2RawAmount = v1RawAmount * 1000000 (12->18 decimals),PENDING_OWNER_ELIGIBILITY_APPROVAL,"Ordinary EOA candidate; inclusion still depends on V1 deprecation, threshold policy and owner approval.",False,,False,0x0000000000000000000000000000000000000000000000000000000000000000,PENDING,,,,OWNER_SELECTION_REQUIRED,OWNER_SELECTION_REQUIRED,DRAFT_NOT_EXECUTABLE
432,v1-mainnet-0432,0x5310fc91e7b06b1b7c12bda4a832bb98ae80ae4a,,EOA_CANDIDATE,False,0,3952600000000,3.952600000000,3952600000000000000,3.952600000000000000,v2RawAmount = v1RawAmount * 1000000 (12->18 decimals),PENDING_OWNER_ELIGIBILITY_APPROVAL,"Ordinary EOA candidate; inclusion still depends on V1 deprecation, threshold policy and owner approval.",False,,False,0x0000000000000000000000000000000000000000000000000000000000000000,PENDING,,,,OWNER_SELECTION_REQUIRED,OWNER_SELECTION_REQUIRED,DRAFT_NOT_EXECUTABLE
433,v1-mainnet-0433,0x65c502e8481278b2bf51fc2851998d2b800f7316,,EOA_CANDIDATE,False,0,3924400000000,3.924400000000,3924400000000000000,3.924400000000000000,v2RawAmount = v1RawAmount * 1000000 (12->18 decimals),PENDING_OWNER_ELIGIBILITY_APPROVAL,"Ordinary EOA candidate; inclusion still depends on V1 deprecation, threshold policy and owner approval.",False,,False,0x0000000000000000000000000000000000000000000000000000000000000000,PENDING,,,,OWNER_SELECTION_REQUIRED,OWNER_SELECTION_REQUIRED,DRAFT_NOT_EXECUTABLE
434,v1-mainnet-0434,0x90df71f850b761b55116e89b0fd06f1826573be2,,EOA_CANDIDATE,False,0,3921100000000,3.921100000000,3921100000000000000,3.921100000000000000,v2RawAmount = v1RawAmount * 1000000 (12->18 decimals),PENDING_OWNER_ELIGIBILITY_APPROVAL,"Ordinary EOA candidate; inclusion still depends on V1 deprecation, threshold policy and owner approval.",False,,False,0x0000000000000000000000000000000000000000000000000000000000000000,PENDING,,,,OWNER_SELECTION_REQUIRED,OWNER_SELECTION_REQUIRED,DRAFT_NOT_EXECUTABLE
435,v1-mainnet-0435,0x946fe9a57e2470d46cdff9308292987c5fdde1df,,EOA_CANDIDATE,False,0,3871100000000,3.871100000000,3871100000000000000,3.871100000000000000,v2RawAmount = v1RawAmount * 1000000 (12->18 decimals),PENDING_OWNER_ELIGIBILITY_APPROVAL,"Ordinary EOA candidate; inclusion still depends on V1 deprecation, threshold policy and owner approval.",False,,False,0x0000000000000000000000000000000000000000000000000000000000000000,PENDING,,,,OWNER_SELECTION_REQUIRED,OWNER_SELECTION_REQUIRED,DRAFT_NOT_EXECUTABLE
436,v1-mainnet-0436,0x66e253d9f6f722c34c5d4aa0a59e5b8e65f7248b,,EOA_CANDIDATE,False,0,3854400000000,3.854400000000,3854400000000000000,3.854400000000000000,v2RawAmount = v1RawAmount * 1000000 (12->18 decimals),PENDING_OWNER_ELIGIBILITY_APPROVAL,"Ordinary EOA candidate; inclusion still depends on V1 deprecation, threshold policy and owner approval.",False,,False,0x0000000000000000000000000000000000000000000000000000000000000000,PENDING,,,,OWNER_SELECTION_REQUIRED,OWNER_SELECTION_REQUIRED,DRAFT_NOT_EXECUTABLE
437,v1-mainnet-0437,0x53f4e95e0eca7230f48caa664581cfa15d03341e,,EOA_CANDIDATE,False,0,3848000000000,3.848000000000,3848000000000000000,3.848000000000000000,v2RawAmount = v1RawAmount * 1000000 (12->18 decimals),PENDING_OWNER_ELIGIBILITY_APPROVAL,"Ordinary EOA candidate; inclusion still depends on V1 deprecation, threshold policy and owner approval.",False,,False,0x0000000000000000000000000000000000000000000000000000000000000000,PENDING,,,,OWNER_SELECTION_REQUIRED,OWNER_SELECTION_REQUIRED,DRAFT_NOT_EXECUTABLE
438,v1-mainnet-0438,0xb474d26b4c05a0db38d3d7b18a7347032114882b,,EOA_CANDIDATE,False,0,3845800000000,3.845800000000,3845800000000000000,3.845800000000000000,v2RawAmount = v1RawAmount * 1000000 (12->18 decimals),PENDING_OWNER_ELIGIBILITY_APPROVAL,"Ordinary EOA candidate; inclusion still depends on V1 deprecation, threshold policy and owner approval.",False,,False,0x0000000000000000000000000000000000000000000000000000000000000000,PENDING,,,,OWNER_SELECTION_REQUIRED,OWNER_SELECTION_REQUIRED,DRAFT_NOT_EXECUTABLE
439,v1-mainnet-0439,0x1dedcca088efdb26ec79677525f84beaa9a9d7d3,,EOA_CANDIDATE,False,0,3841700000000,3.841700000000,3841700000000000000,3.841700000000000000,v2RawAmount = v1RawAmount * 1000000 (12->18 decimals),PENDING_OWNER_ELIGIBILITY_APPROVAL,"Ordinary EOA candidate; inclusion still depends on V1 deprecation, threshold policy and owner approval.",False,,False,0x0000000000000000000000000000000000000000000000000000000000000000,PENDING,,,,OWNER_SELECTION_REQUIRED,OWNER_SELECTION_REQUIRED,DRAFT_NOT_EXECUTABLE
440,v1-mainnet-0440,0xb7b4fef92e989146ae63313a2bab9c63cbb60ae0,,EOA_CANDIDATE,False,0,3782400000000,3.782400000000,3782400000000000000,3.782400000000000000,v2RawAmount = v1RawAmount * 1000000 (12->18 decimals),PENDING_OWNER_ELIGIBILITY_APPROVAL,"Ordinary EOA candidate; inclusion still depends on V1 deprecation, threshold policy and owner approval.",False,,False,0x0000000000000000000000000000000000000000000000000000000000000000,PENDING,,,,OWNER_SELECTION_REQUIRED,OWNER_SELECTION_REQUIRED,DRAFT_NOT_EXECUTABLE
441,v1-mainnet-0441,0xaa0082e666a0eeac48635f73c878d0eb64c8a67c,,EOA_CANDIDATE,False,0,3768300000000,3.768300000000,3768300000000000000,3.768300000000000000,v2RawAmount = v1RawAmount * 1000000 (12->18 decimals),PENDING_OWNER_ELIGIBILITY_APPROVAL,"Ordinary EOA candidate; inclusion still depends on V1 deprecation, threshold policy and owner approval.",False,,False,0x0000000000000000000000000000000000000000000000000000000000000000,PENDING,,,,OWNER_SELECTION_REQUIRED,OWNER_SELECTION_REQUIRED,DRAFT_NOT_EXECUTABLE
442,v1-mainnet-0442,0x0c90eb0cba1b4cdf05191f807f5fbf14909a52e1,,EOA_CANDIDATE,False,0,3731200000000,3.731200000000,3731200000000000000,3.731200000000000000,v2RawAmount = v1RawAmount * 1000000 (12->18 decimals),PENDING_OWNER_ELIGIBILITY_APPROVAL,"Ordinary EOA candidate; inclusion still depends on V1 deprecation, threshold policy and owner approval.",False,,False,0x0000000000000000000000000000000000000000000000000000000000000000,PENDING,,,,OWNER_SELECTION_REQUIRED,OWNER_SELECTION_REQUIRED,DRAFT_NOT_EXECUTABLE
443,v1-mainnet-0443,0x06f4b49d7bca043a9ba633b6dbbd73219beca3e8,,EOA_CANDIDATE,False,0,3711300000000,3.711300000000,3711300000000000000,3.711300000000000000,v2RawAmount = v1RawAmount * 1000000 (12->18 decimals),PENDING_OWNER_ELIGIBILITY_APPROVAL,"Ordinary EOA candidate; inclusion still depends on V1 deprecation, threshold policy and owner approval.",False,,False,0x0000000000000000000000000000000000000000000000000000000000000000,PENDING,,,,OWNER_SELECTION_REQUIRED,OWNER_SELECTION_REQUIRED,DRAFT_NOT_EXECUTABLE
444,v1-mainnet-0444,0x744d74e3e6f81da369760b6810fb5d3eff8d0a48,,EOA_CANDIDATE,False,0,3710000000000,3.710000000000,3710000000000000000,3.710000000000000000,v2RawAmount = v1RawAmount * 1000000 (12->18 decimals),PENDING_OWNER_ELIGIBILITY_APPROVAL,"Ordinary EOA candidate; inclusion still depends on V1 deprecation, threshold policy and owner approval.",False,,False,0x0000000000000000000000000000000000000000000000000000000000000000,PENDING,,,,OWNER_SELECTION_REQUIRED,OWNER_SELECTION_REQUIRED,DRAFT_NOT_EXECUTABLE
445,v1-mainnet-0445,0xb92332379346c8d03767dbf80824f74336f44ff6,,EOA_CANDIDATE,False,0,3705100000000,3.705100000000,3705100000000000000,3.705100000000000000,v2RawAmount = v1RawAmount * 1000000 (12->18 decimals),PENDING_OWNER_ELIGIBILITY_APPROVAL,"Ordinary EOA candidate; inclusion still depends on V1 deprecation, threshold policy and owner approval.",False,,False,0x0000000000000000000000000000000000000000000000000000000000000000,PENDING,,,,OWNER_SELECTION_REQUIRED,OWNER_SELECTION_REQUIRED,DRAFT_NOT_EXECUTABLE
446,v1-mainnet-0446,0xfbacf485fa20d77eff034163a06e3cd1d4962530,,EOA_CANDIDATE,False,0,3700800000000,3.700800000000,3700800000000000000,3.700800000000000000,v2RawAmount = v1RawAmount * 1000000 (12->18 decimals),PENDING_OWNER_ELIGIBILITY_APPROVAL,"Ordinary EOA candidate; inclusion still depends on V1 deprecation, threshold policy and owner approval.",False,,False,0x0000000000000000000000000000000000000000000000000000000000000000,PENDING,,,,OWNER_SELECTION_REQUIRED,OWNER_SELECTION_REQUIRED,DRAFT_NOT_EXECUTABLE
447,v1-mainnet-0447,0x6c3a8f139bfebcecea8b03961a9530ed9e982c98,,EOA_CANDIDATE,False,0,3700300000000,3.700300000000,3700300000000000000,3.700300000000000000,v2RawAmount = v1RawAmount * 1000000 (12->18 decimals),PENDING_OWNER_ELIGIBILITY_APPROVAL,"Ordinary EOA candidate; inclusion still depends on V1 deprecation, threshold policy and owner approval.",False,,False,0x0000000000000000000000000000000000000000000000000000000000000000,PENDING,,,,OWNER_SELECTION_REQUIRED,OWNER_SELECTION_REQUIRED,DRAFT_NOT_EXECUTABLE
448,v1-mainnet-0448,0x0931fda6830d4186db1346f4559746c0b3260933,,EOA_CANDIDATE,False,0,3694600000000,3.694600000000,3694600000000000000,3.694600000000000000,v2RawAmount = v1RawAmount * 1000000 (12->18 decimals),PENDING_OWNER_ELIGIBILITY_APPROVAL,"Ordinary EOA candidate; inclusion still depends on V1 deprecation, threshold policy and owner approval.",False,,False,0x0000000000000000000000000000000000000000000000000000000000000000,PENDING,,,,OWNER_SELECTION_REQUIRED,OWNER_SELECTION_REQUIRED,DRAFT_NOT_EXECUTABLE
449,v1-mainnet-0449,0x9288a11487bc9b9a8a6164ba451c6ca430928eee,,EOA_CANDIDATE,False,0,3672400000000,3.672400000000,3672400000000000000,3.672400000000000000,v2RawAmount = v1RawAmount * 1000000 (12->18 decimals),PENDING_OWNER_ELIGIBILITY_APPROVAL,"Ordinary EOA candidate; inclusion still depends on V1 deprecation, threshold policy and owner approval.",False,,False,0x0000000000000000000000000000000000000000000000000000000000000000,PENDING,,,,OWNER_SELECTION_REQUIRED,OWNER_SELECTION_REQUIRED,DRAFT_NOT_EXECUTABLE
450,v1-mainnet-0450,0xfee307b263a1c554de42af185e2ae362b6346aa3,,EOA_CANDIDATE,False,0,3648800000000,3.648800000000,3648800000000000000,3.648800000000000000,v2RawAmount = v1RawAmount * 1000000 (12->18 decimals),PENDING_OWNER_ELIGIBILITY_APPROVAL,"Ordinary EOA candidate; inclusion still depends on V1 deprecation, threshold policy and owner approval.",False,,False,0x0000000000000000000000000000000000000000000000000000000000000000,PENDING,,,,OWNER_SELECTION_REQUIRED,OWNER_SELECTION_REQUIRED,DRAFT_NOT_EXECUTABLE
451,v1-mainnet-0451,0x776f7306aeab6562c6bad8f4dd32e56ab98ed1ff,,EOA_CANDIDATE,False,0,3643400000000,3.643400000000,3643400000000000000,3.643400000000000000,v2RawAmount = v1RawAmount * 1000000 (12->18 decimals),PENDING_OWNER_ELIGIBILITY_APPROVAL,"Ordinary EOA candidate; inclusion still depends on V1 deprecation, threshold policy and owner approval.",False,,False,0x0000000000000000000000000000000000000000000000000000000000000000,PENDING,,,,OWNER_SELECTION_REQUIRED,OWNER_SELECTION_REQUIRED,DRAFT_NOT_EXECUTABLE
452,v1-mainnet-0452,0xd208a0d863a315ad9e0e05d09ed9d3c071d6ade5,,EOA_CANDIDATE,False,0,3642900000000,3.642900000000,3642900000000000000,3.642900000000000000,v2RawAmount = v1RawAmount * 1000000 (12->18 decimals),PENDING_OWNER_ELIGIBILITY_APPROVAL,"Ordinary EOA candidate; inclusion still depends on V1 deprecation, threshold policy and owner approval.",False,,False,0x0000000000000000000000000000000000000000000000000000000000000000,PENDING,,,,OWNER_SELECTION_REQUIRED,OWNER_SELECTION_REQUIRED,DRAFT_NOT_EXECUTABLE
453,v1-mainnet-0453,0x56a9c5fbac5b2225bde7298efd0b7b825dcbcc7f,,EOA_CANDIDATE,False,0,3620000000000,3.620000000000,3620000000000000000,3.620000000000000000,v2RawAmount = v1RawAmount * 1000000 (12->18 decimals),PENDING_OWNER_ELIGIBILITY_APPROVAL,"Ordinary EOA candidate; inclusion still depends on V1 deprecation, threshold policy and owner approval.",False,,False,0x0000000000000000000000000000000000000000000000000000000000000000,PENDING,,,,OWNER_SELECTION_REQUIRED,OWNER_SELECTION_REQUIRED,DRAFT_NOT_EXECUTABLE
454,v1-mainnet-0454,0x4878b7238db68d4ca9fcc30d59d09cd34b7145c3,,EOA_CANDIDATE,False,0,3606800000000,3.606800000000,3606800000000000000,3.606800000000000000,v2RawAmount = v1RawAmount * 1000000 (12->18 decimals),PENDING_OWNER_ELIGIBILITY_APPROVAL,"Ordinary EOA candidate; inclusion still depends on V1 deprecation, threshold policy and owner approval.",False,,False,0x0000000000000000000000000000000000000000000000000000000000000000,PENDING,,,,OWNER_SELECTION_REQUIRED,OWNER_SELECTION_REQUIRED,DRAFT_NOT_EXECUTABLE
455,v1-mainnet-0455,0x0247098ccefabc1d0ebb94547a0f545527b22a92,,EOA_CANDIDATE,False,0,3575800000000,3.575800000000,3575800000000000000,3.575800000000000000,v2RawAmount = v1RawAmount * 1000000 (12->18 decimals),PENDING_OWNER_ELIGIBILITY_APPROVAL,"Ordinary EOA candidate; inclusion still depends on V1 deprecation, threshold policy and owner approval.",False,,False,0x0000000000000000000000000000000000000000000000000000000000000000,PENDING,,,,OWNER_SELECTION_REQUIRED,OWNER_SELECTION_REQUIRED,DRAFT_NOT_EXECUTABLE
456,v1-mainnet-0456,0x204c29e2b01ba2282e9f6700697df6c23d9d1266,,EOA_CANDIDATE,False,0,3574800000000,3.574800000000,3574800000000000000,3.574800000000000000,v2RawAmount = v1RawAmount * 1000000 (12->18 decimals),PENDING_OWNER_ELIGIBILITY_APPROVAL,"Ordinary EOA candidate; inclusion still depends on V1 deprecation, threshold policy and owner approval.",False,,False,0x0000000000000000000000000000000000000000000000000000000000000000,PENDING,,,,OWNER_SELECTION_REQUIRED,OWNER_SELECTION_REQUIRED,DRAFT_NOT_EXECUTABLE
457,v1-mainnet-0457,0x61553ab258780f0d8a7bf1ee942a6857904cfdaf,,EOA_CANDIDATE,False,0,3558100000000,3.558100000000,3558100000000000000,3.558100000000000000,v2RawAmount = v1RawAmount * 1000000 (12->18 decimals),PENDING_OWNER_ELIGIBILITY_APPROVAL,"Ordinary EOA candidate; inclusion still depends on V1 deprecation, threshold policy and owner approval.",False,,False,0x0000000000000000000000000000000000000000000000000000000000000000,PENDING,,,,OWNER_SELECTION_REQUIRED,OWNER_SELECTION_REQUIRED,DRAFT_NOT_EXECUTABLE
458,v1-mainnet-0458,0xd1f4ced71a7664378d9a841eb357ec9339817d11,,EOA_CANDIDATE,False,0,3536600000000,3.536600000000,3536600000000000000,3.536600000000000000,v2RawAmount = v1RawAmount * 1000000 (12->18 decimals),PENDING_OWNER_ELIGIBILITY_APPROVAL,"Ordinary EOA candidate; inclusion still depends on V1 deprecation, threshold policy and owner approval.",False,,False,0x0000000000000000000000000000000000000000000000000000000000000000,PENDING,,,,OWNER_SELECTION_REQUIRED,OWNER_SELECTION_REQUIRED,DRAFT_NOT_EXECUTABLE
459,v1-mainnet-0459,0x9f4b6820b4adf7637340d2e03fda68cace5d7c3a,,EOA_CANDIDATE,False,0,3514800000000,3.514800000000,3514800000000000000,3.514800000000000000,v2RawAmount = v1RawAmount * 1000000 (12->18 decimals),PENDING_OWNER_ELIGIBILITY_APPROVAL,"Ordinary EOA candidate; inclusion still depends on V1 deprecation, threshold policy and owner approval.",False,,False,0x0000000000000000000000000000000000000000000000000000000000000000,PENDING,,,,OWNER_SELECTION_REQUIRED,OWNER_SELECTION_REQUIRED,DRAFT_NOT_EXECUTABLE
460,v1-mainnet-0460,0xe9f8be229cbe7be7b88084f074f156f3dea25445,,EOA_CANDIDATE,False,0,3511400000000,3.511400000000,3511400000000000000,3.511400000000000000,v2RawAmount = v1RawAmount * 1000000 (12->18 decimals),PENDING_OWNER_ELIGIBILITY_APPROVAL,"Ordinary EOA candidate; inclusion still depends on V1 deprecation, threshold policy and owner approval.",False,,False,0x0000000000000000000000000000000000000000000000000000000000000000,PENDING,,,,OWNER_SELECTION_REQUIRED,OWNER_SELECTION_REQUIRED,DRAFT_NOT_EXECUTABLE
461,v1-mainnet-0461,0xaf6c765b8ab61a8378fb178827b7967fa5e5a58a,,EOA_CANDIDATE,False,0,3511100000000,3.511100000000,3511100000000000000,3.511100000000000000,v2RawAmount = v1RawAmount * 1000000 (12->18 decimals),PENDING_OWNER_ELIGIBILITY_APPROVAL,"Ordinary EOA candidate; inclusion still depends on V1 deprecation, threshold policy and owner approval.",False,,False,0x0000000000000000000000000000000000000000000000000000000000000000,PENDING,,,,OWNER_SELECTION_REQUIRED,OWNER_SELECTION_REQUIRED,DRAFT_NOT_EXECUTABLE
462,v1-mainnet-0462,0x899d28a31907a3c7ea838546f001f4edb9728166,,EOA_CANDIDATE,False,0,3492900000000,3.492900000000,3492900000000000000,3.492900000000000000,v2RawAmount = v1RawAmount * 1000000 (12->18 decimals),PENDING_OWNER_ELIGIBILITY_APPROVAL,"Ordinary EOA candidate; inclusion still depends on V1 deprecation, threshold policy and owner approval.",False,,False,0x0000000000000000000000000000000000000000000000000000000000000000,PENDING,,,,OWNER_SELECTION_REQUIRED,OWNER_SELECTION_REQUIRED,DRAFT_NOT_EXECUTABLE
463,v1-mainnet-0463,0xc8688d3950e8d58f01301174b7ce1cfd0fe6a891,,EOA_CANDIDATE,False,0,3460300000000,3.460300000000,3460300000000000000,3.460300000000000000,v2RawAmount = v1RawAmount * 1000000 (12->18 decimals),PENDING_OWNER_ELIGIBILITY_APPROVAL,"Ordinary EOA candidate; inclusion still depends on V1 deprecation, threshold policy and owner approval.",False,,False,0x0000000000000000000000000000000000000000000000000000000000000000,PENDING,,,,OWNER_SELECTION_REQUIRED,OWNER_SELECTION_REQUIRED,DRAFT_NOT_EXECUTABLE
464,v1-mainnet-0464,0x4762a019da49c2e146adad252174890fadade33b,,EOA_CANDIDATE,False,0,3435700000000,3.435700000000,3435700000000000000,3.435700000000000000,v2RawAmount = v1RawAmount * 1000000 (12->18 decimals),PENDING_OWNER_ELIGIBILITY_APPROVAL,"Ordinary EOA candidate; inclusion still depends on V1 deprecation, threshold policy and owner approval.",False,,False,0x0000000000000000000000000000000000000000000000000000000000000000,PENDING,,,,OWNER_SELECTION_REQUIRED,OWNER_SELECTION_REQUIRED,DRAFT_NOT_EXECUTABLE
465,v1-mainnet-0465,0xfc73f935404cdad3574bca21cc927e95669519a3,,EOA_CANDIDATE,False,0,3432900000000,3.432900000000,3432900000000000000,3.432900000000000000,v2RawAmount = v1RawAmount * 1000000 (12->18 decimals),PENDING_OWNER_ELIGIBILITY_APPROVAL,"Ordinary EOA candidate; inclusion still depends on V1 deprecation, threshold policy and owner approval.",False,,False,0x0000000000000000000000000000000000000000000000000000000000000000,PENDING,,,,OWNER_SELECTION_REQUIRED,OWNER_SELECTION_REQUIRED,DRAFT_NOT_EXECUTABLE
466,v1-mainnet-0466,0x4f0863bb28d548dcf787c4444b5cf4c8e51b0661,,EOA_CANDIDATE,False,0,3409100000000,3.409100000000,3409100000000000000,3.409100000000000000,v2RawAmount = v1RawAmount * 1000000 (12->18 decimals),PENDING_OWNER_ELIGIBILITY_APPROVAL,"Ordinary EOA candidate; inclusion still depends on V1 deprecation, threshold policy and owner approval.",False,,False,0x0000000000000000000000000000000000000000000000000000000000000000,PENDING,,,,OWNER_SELECTION_REQUIRED,OWNER_SELECTION_REQUIRED,DRAFT_NOT_EXECUTABLE
467,v1-mainnet-0467,0xa151cc494f1892ccaeebab8a37601fb02e416036,,EOA_CANDIDATE,False,0,3409100000000,3.409100000000,3409100000000000000,3.409100000000000000,v2RawAmount = v1RawAmount * 1000000 (12->18 decimals),PENDING_OWNER_ELIGIBILITY_APPROVAL,"Ordinary EOA candidate; inclusion still depends on V1 deprecation, threshold policy and owner approval.",False,,False,0x0000000000000000000000000000000000000000000000000000000000000000,PENDING,,,,OWNER_SELECTION_REQUIRED,OWNER_SELECTION_REQUIRED,DRAFT_NOT_EXECUTABLE
468,v1-mainnet-0468,0xe88b70c7145963054ae2bca72141d9008609daca,,EOA_CANDIDATE,False,0,3391500000000,3.391500000000,3391500000000000000,3.391500000000000000,v2RawAmount = v1RawAmount * 1000000 (12->18 decimals),PENDING_OWNER_ELIGIBILITY_APPROVAL,"Ordinary EOA candidate; inclusion still depends on V1 deprecation, threshold policy and owner approval.",False,,False,0x0000000000000000000000000000000000000000000000000000000000000000,PENDING,,,,OWNER_SELECTION_REQUIRED,OWNER_SELECTION_REQUIRED,DRAFT_NOT_EXECUTABLE
469,v1-mainnet-0469,0xd698f8095e269563c1d701392084b4c548aeab19,,EOA_CANDIDATE,False,0,3383600000000,3.383600000000,3383600000000000000,3.383600000000000000,v2RawAmount = v1RawAmount * 1000000 (12->18 decimals),PENDING_OWNER_ELIGIBILITY_APPROVAL,"Ordinary EOA candidate; inclusion still depends on V1 deprecation, threshold policy and owner approval.",False,,False,0x0000000000000000000000000000000000000000000000000000000000000000,PENDING,,,,OWNER_SELECTION_REQUIRED,OWNER_SELECTION_REQUIRED,DRAFT_NOT_EXECUTABLE
470,v1-mainnet-0470,0x262acb808b0d353128850b67f973b50bcf5accb3,,EOA_CANDIDATE,False,0,3353500000000,3.353500000000,3353500000000000000,3.353500000000000000,v2RawAmount = v1RawAmount * 1000000 (12->18 decimals),PENDING_OWNER_ELIGIBILITY_APPROVAL,"Ordinary EOA candidate; inclusion still depends on V1 deprecation, threshold policy and owner approval.",False,,False,0x0000000000000000000000000000000000000000000000000000000000000000,PENDING,,,,OWNER_SELECTION_REQUIRED,OWNER_SELECTION_REQUIRED,DRAFT_NOT_EXECUTABLE
471,v1-mainnet-0471,0xf483db911fdab7e881047750ac54f353fb67483d,,EOA_CANDIDATE,False,0,3348700000000,3.348700000000,3348700000000000000,3.348700000000000000,v2RawAmount = v1RawAmount * 1000000 (12->18 decimals),PENDING_OWNER_ELIGIBILITY_APPROVAL,"Ordinary EOA candidate; inclusion still depends on V1 deprecation, threshold policy and owner approval.",False,,False,0x0000000000000000000000000000000000000000000000000000000000000000,PENDING,,,,OWNER_SELECTION_REQUIRED,OWNER_SELECTION_REQUIRED,DRAFT_NOT_EXECUTABLE
472,v1-mainnet-0472,0xa19ea9b3384aba20b2b2e360d06e9d1dcc1eb14d,,EOA_CANDIDATE,False,0,3301000000000,3.301000000000,3301000000000000000,3.301000000000000000,v2RawAmount = v1RawAmount * 1000000 (12->18 decimals),PENDING_OWNER_ELIGIBILITY_APPROVAL,"Ordinary EOA candidate; inclusion still depends on V1 deprecation, threshold policy and owner approval.",False,,False,0x0000000000000000000000000000000000000000000000000000000000000000,PENDING,,,,OWNER_SELECTION_REQUIRED,OWNER_SELECTION_REQUIRED,DRAFT_NOT_EXECUTABLE
473,v1-mainnet-0473,0xd4b1f4821e7629d95f9576f6dc034d0caca89ad2,,EOA_CANDIDATE,False,0,3297600000000,3.297600000000,3297600000000000000,3.297600000000000000,v2RawAmount = v1RawAmount * 1000000 (12->18 decimals),PENDING_OWNER_ELIGIBILITY_APPROVAL,"Ordinary EOA candidate; inclusion still depends on V1 deprecation, threshold policy and owner approval.",False,,False,0x0000000000000000000000000000000000000000000000000000000000000000,PENDING,,,,OWNER_SELECTION_REQUIRED,OWNER_SELECTION_REQUIRED,DRAFT_NOT_EXECUTABLE
474,v1-mainnet-0474,0x85d03006baca5b80ebfe66b0972ee3e41ddca7d8,,EOA_CANDIDATE,False,0,3266500000000,3.266500000000,3266500000000000000,3.266500000000000000,v2RawAmount = v1RawAmount * 1000000 (12->18 decimals),PENDING_OWNER_ELIGIBILITY_APPROVAL,"Ordinary EOA candidate; inclusion still depends on V1 deprecation, threshold policy and owner approval.",False,,False,0x0000000000000000000000000000000000000000000000000000000000000000,PENDING,,,,OWNER_SELECTION_REQUIRED,OWNER_SELECTION_REQUIRED,DRAFT_NOT_EXECUTABLE
475,v1-mainnet-0475,0x5307428a39e3fd9bbc84581e9fd9912dc698b9e0,,EOA_CANDIDATE,False,0,3253100000000,3.253100000000,3253100000000000000,3.253100000000000000,v2RawAmount = v1RawAmount * 1000000 (12->18 decimals),PENDING_OWNER_ELIGIBILITY_APPROVAL,"Ordinary EOA candidate; inclusion still depends on V1 deprecation, threshold policy and owner approval.",False,,False,0x0000000000000000000000000000000000000000000000000000000000000000,PENDING,,,,OWNER_SELECTION_REQUIRED,OWNER_SELECTION_REQUIRED,DRAFT_NOT_EXECUTABLE
476,v1-mainnet-0476,0xf6ece3621b129fdcd24a8a51f26b85b255078897,,EOA_CANDIDATE,False,0,3240800000000,3.240800000000,3240800000000000000,3.240800000000000000,v2RawAmount = v1RawAmount * 1000000 (12->18 decimals),PENDING_OWNER_ELIGIBILITY_APPROVAL,"Ordinary EOA candidate; inclusion still depends on V1 deprecation, threshold policy and owner approval.",False,,False,0x0000000000000000000000000000000000000000000000000000000000000000,PENDING,,,,OWNER_SELECTION_REQUIRED,OWNER_SELECTION_REQUIRED,DRAFT_NOT_EXECUTABLE
477,v1-mainnet-0477,0xddbf0cacc40dad8d78a9ed7ba4940a36b9a37cbf,,EOA_CANDIDATE,False,0,3209700000000,3.209700000000,3209700000000000000,3.209700000000000000,v2RawAmount = v1RawAmount * 1000000 (12->18 decimals),PENDING_OWNER_ELIGIBILITY_APPROVAL,"Ordinary EOA candidate; inclusion still depends on V1 deprecation, threshold policy and owner approval.",False,,False,0x0000000000000000000000000000000000000000000000000000000000000000,PENDING,,,,OWNER_SELECTION_REQUIRED,OWNER_SELECTION_REQUIRED,DRAFT_NOT_EXECUTABLE
478,v1-mainnet-0478,0x7c5b5e2b198bf578edacf781ec3c3dd5347b0889,,EOA_CANDIDATE,False,0,3189500000000,3.189500000000,3189500000000000000,3.189500000000000000,v2RawAmount = v1RawAmount * 1000000 (12->18 decimals),PENDING_OWNER_ELIGIBILITY_APPROVAL,"Ordinary EOA candidate; inclusion still depends on V1 deprecation, threshold policy and owner approval.",False,,False,0x0000000000000000000000000000000000000000000000000000000000000000,PENDING,,,,OWNER_SELECTION_REQUIRED,OWNER_SELECTION_REQUIRED,DRAFT_NOT_EXECUTABLE
479,v1-mainnet-0479,0x728c7a6f158409bc4b7aba4e0a28a556ca394a11,,EOA_CANDIDATE,False,0,3186400000000,3.186400000000,3186400000000000000,3.186400000000000000,v2RawAmount = v1RawAmount * 1000000 (12->18 decimals),PENDING_OWNER_ELIGIBILITY_APPROVAL,"Ordinary EOA candidate; inclusion still depends on V1 deprecation, threshold policy and owner approval.",False,,False,0x0000000000000000000000000000000000000000000000000000000000000000,PENDING,,,,OWNER_SELECTION_REQUIRED,OWNER_SELECTION_REQUIRED,DRAFT_NOT_EXECUTABLE
480,v1-mainnet-0480,0x3ae828230ee77a2b09ddbc1dd8e8ffc44b9fa89e,,EOA_CANDIDATE,False,0,3157100000000,3.157100000000,3157100000000000000,3.157100000000000000,v2RawAmount = v1RawAmount * 1000000 (12->18 decimals),PENDING_OWNER_ELIGIBILITY_APPROVAL,"Ordinary EOA candidate; inclusion still depends on V1 deprecation, threshold policy and owner approval.",False,,False,0x0000000000000000000000000000000000000000000000000000000000000000,PENDING,,,,OWNER_SELECTION_REQUIRED,OWNER_SELECTION_REQUIRED,DRAFT_NOT_EXECUTABLE
481,v1-mainnet-0481,0x57eb6fa133795b6f38166faef68ee5d7e4b0d032,,EOA_CANDIDATE,False,0,3088400000000,3.088400000000,3088400000000000000,3.088400000000000000,v2RawAmount = v1RawAmount * 1000000 (12->18 decimals),PENDING_OWNER_ELIGIBILITY_APPROVAL,"Ordinary EOA candidate; inclusion still depends on V1 deprecation, threshold policy and owner approval.",False,,False,0x0000000000000000000000000000000000000000000000000000000000000000,PENDING,,,,OWNER_SELECTION_REQUIRED,OWNER_SELECTION_REQUIRED,DRAFT_NOT_EXECUTABLE
482,v1-mainnet-0482,0x8a84fa39227e85ee21c98b2bf11293b0b4d00c41,,EOA_CANDIDATE,False,0,3064900000000,3.064900000000,3064900000000000000,3.064900000000000000,v2RawAmount = v1RawAmount * 1000000 (12->18 decimals),PENDING_OWNER_ELIGIBILITY_APPROVAL,"Ordinary EOA candidate; inclusion still depends on V1 deprecation, threshold policy and owner approval.",False,,False,0x0000000000000000000000000000000000000000000000000000000000000000,PENDING,,,,OWNER_SELECTION_REQUIRED,OWNER_SELECTION_REQUIRED,DRAFT_NOT_EXECUTABLE
483,v1-mainnet-0483,0xe214ff62ea6cebfee7920588a1df1a69130c6b23,,EOA_CANDIDATE,False,0,3042200000000,3.042200000000,3042200000000000000,3.042200000000000000,v2RawAmount = v1RawAmount * 1000000 (12->18 decimals),PENDING_OWNER_ELIGIBILITY_APPROVAL,"Ordinary EOA candidate; inclusion still depends on V1 deprecation, threshold policy and owner approval.",False,,False,0x0000000000000000000000000000000000000000000000000000000000000000,PENDING,,,,OWNER_SELECTION_REQUIRED,OWNER_SELECTION_REQUIRED,DRAFT_NOT_EXECUTABLE
484,v1-mainnet-0484,0x11a78fab481844b106f2258796e52f13eef957bb,,EOA_CANDIDATE,False,0,3039800000000,3.039800000000,3039800000000000000,3.039800000000000000,v2RawAmount = v1RawAmount * 1000000 (12->18 decimals),PENDING_OWNER_ELIGIBILITY_APPROVAL,"Ordinary EOA candidate; inclusion still depends on V1 deprecation, threshold policy and owner approval.",False,,False,0x0000000000000000000000000000000000000000000000000000000000000000,PENDING,,,,OWNER_SELECTION_REQUIRED,OWNER_SELECTION_REQUIRED,DRAFT_NOT_EXECUTABLE
485,v1-mainnet-0485,0x62162e8a4abd4f67c96062deb09f1d90276b0f99,,EOA_CANDIDATE,False,0,3031400000000,3.031400000000,3031400000000000000,3.031400000000000000,v2RawAmount = v1RawAmount * 1000000 (12->18 decimals),PENDING_OWNER_ELIGIBILITY_APPROVAL,"Ordinary EOA candidate; inclusion still depends on V1 deprecation, threshold policy and owner approval.",False,,False,0x0000000000000000000000000000000000000000000000000000000000000000,PENDING,,,,OWNER_SELECTION_REQUIRED,OWNER_SELECTION_REQUIRED,DRAFT_NOT_EXECUTABLE
486,v1-mainnet-0486,0x119b3e4d9e562a567048973265733886209b73de,,EOA_CANDIDATE,False,0,3024200000000,3.024200000000,3024200000000000000,3.024200000000000000,v2RawAmount = v1RawAmount * 1000000 (12->18 decimals),PENDING_OWNER_ELIGIBILITY_APPROVAL,"Ordinary EOA candidate; inclusion still depends on V1 deprecation, threshold policy and owner approval.",False,,False,0x0000000000000000000000000000000000000000000000000000000000000000,PENDING,,,,OWNER_SELECTION_REQUIRED,OWNER_SELECTION_REQUIRED,DRAFT_NOT_EXECUTABLE
487,v1-mainnet-0487,0x2da5e54ac1fad54ff9f99f068ae35b82d785277e,,EOA_CANDIDATE,False,0,1653340375251,1.653340375251,1653340375251000000,1.653340375251000000,v2RawAmount = v1RawAmount * 1000000 (12->18 decimals),PENDING_OWNER_ELIGIBILITY_APPROVAL,"Ordinary EOA candidate; inclusion still depends on V1 deprecation, threshold policy and owner approval.",False,,False,0x0000000000000000000000000000000000000000000000000000000000000000,PENDING,,,,OWNER_SELECTION_REQUIRED,OWNER_SELECTION_REQUIRED,DRAFT_NOT_EXECUTABLE
488,v1-mainnet-0488,0xa54dc4425190570cb5c841adf445bbecf3b249f5,,EOA_CANDIDATE,False,0,1436797673932,1.436797673932,1436797673932000000,1.436797673932000000,v2RawAmount = v1RawAmount * 1000000 (12->18 decimals),PENDING_OWNER_ELIGIBILITY_APPROVAL,"Ordinary EOA candidate; inclusion still depends on V1 deprecation, threshold policy and owner approval.",False,,False,0x0000000000000000000000000000000000000000000000000000000000000000,PENDING,,,,OWNER_SELECTION_REQUIRED,OWNER_SELECTION_REQUIRED,DRAFT_NOT_EXECUTABLE
489,v1-mainnet-0489,0x2ee853b1cfdfb79c8cb2502a404ddda8b733c401,,EOA_CANDIDATE,False,0,787000000000,0.787000000000,787000000000000000,0.787000000000000000,v2RawAmount = v1RawAmount * 1000000 (12->18 decimals),PENDING_OWNER_ELIGIBILITY_APPROVAL,"Ordinary EOA candidate; inclusion still depends on V1 deprecation, threshold policy and owner approval.",False,,False,0x0000000000000000000000000000000000000000000000000000000000000000,PENDING,,,,OWNER_SELECTION_REQUIRED,OWNER_SELECTION_REQUIRED,DRAFT_NOT_EXECUTABLE
490,v1-mainnet-0490,0x64b4b0c1537015b98c89566dc0fd24e0975b701f,,EIP7702_DELEGATED_ACCOUNT,True,23,199146808013,0.199146808013,199146808013000000,0.199146808013000000,v2RawAmount = v1RawAmount * 1000000 (12->18 decimals),HOLD_ACCOUNT_CONTROL_REVIEW,23-byte delegated account code requires control and destination review before inclusion.,False,,False,0x0000000000000000000000000000000000000000000000000000000000000000,PENDING,,,,OWNER_SELECTION_REQUIRED,OWNER_SELECTION_REQUIRED,DRAFT_NOT_EXECUTABLE
491,v1-mainnet-0491,0x5b85821d347872dd0421e14ec4714fe6c3639ede,,EIP7702_DELEGATED_ACCOUNT,True,23,121450760135,0.121450760135,121450760135000000,0.121450760135000000,v2RawAmount = v1RawAmount * 1000000 (12->18 decimals),HOLD_ACCOUNT_CONTROL_REVIEW,23-byte delegated account code requires control and destination review before inclusion.,False,,False,0x0000000000000000000000000000000000000000000000000000000000000000,PENDING,,,,OWNER_SELECTION_REQUIRED,OWNER_SELECTION_REQUIRED,DRAFT_NOT_EXECUTABLE
492,v1-mainnet-0492,0xc059ffbc18a83a917898b64f3819b1c72fb16cb4,,EIP7702_DELEGATED_ACCOUNT,True,23,67425190236,0.067425190236,67425190236000000,0.067425190236000000,v2RawAmount = v1RawAmount * 1000000 (12->18 decimals),HOLD_ACCOUNT_CONTROL_REVIEW,23-byte delegated account code requires control and destination review before inclusion.,False,,False,0x0000000000000000000000000000000000000000000000000000000000000000,PENDING,,,,OWNER_SELECTION_REQUIRED,OWNER_SELECTION_REQUIRED,DRAFT_NOT_EXECUTABLE
493,v1-mainnet-0493,0xcd6b980029e6e6e0733ac8ec3e02be9410d09799,,EOA_CANDIDATE,False,0,41516593264,0.041516593264,41516593264000000,0.041516593264000000,v2RawAmount = v1RawAmount * 1000000 (12->18 decimals),PENDING_OWNER_ELIGIBILITY_APPROVAL,"Ordinary EOA candidate; inclusion still depends on V1 deprecation, threshold policy and owner approval.",False,,False,0x0000000000000000000000000000000000000000000000000000000000000000,PENDING,,,,OWNER_SELECTION_REQUIRED,OWNER_SELECTION_REQUIRED,DRAFT_NOT_EXECUTABLE
494,v1-mainnet-0494,0xf5c4f3dc02c3fb9279495a8fef7b0741da956157,,EOA_CANDIDATE,False,0,38185849222,0.038185849222,38185849222000000,0.038185849222000000,v2RawAmount = v1RawAmount * 1000000 (12->18 decimals),PENDING_OWNER_ELIGIBILITY_APPROVAL,"Ordinary EOA candidate; inclusion still depends on V1 deprecation, threshold policy and owner approval.",False,,False,0x0000000000000000000000000000000000000000000000000000000000000000,PENDING,,,,OWNER_SELECTION_REQUIRED,OWNER_SELECTION_REQUIRED,DRAFT_NOT_EXECUTABLE
495,v1-mainnet-0495,0x4f82e73edb06d29ff62c91ec8f5ff06571bdeb29,,EIP7702_DELEGATED_ACCOUNT,True,23,29189745675,0.029189745675,29189745675000000,0.029189745675000000,v2RawAmount = v1RawAmount * 1000000 (12->18 decimals),HOLD_ACCOUNT_CONTROL_REVIEW,23-byte delegated account code requires control and destination review before inclusion.,False,,False,0x0000000000000000000000000000000000000000000000000000000000000000,PENDING,,,,OWNER_SELECTION_REQUIRED,OWNER_SELECTION_REQUIRED,DRAFT_NOT_EXECUTABLE
496,v1-mainnet-0496,0x345a0e3c5d2cc686e36d2f94e8fa8914f60d3b6a,,EOA_CANDIDATE,False,0,1000000,0.000001000000,1000000000000,0.000001000000000000,v2RawAmount = v1RawAmount * 1000000 (12->18 decimals),PENDING_OWNER_ELIGIBILITY_APPROVAL,"Ordinary EOA candidate; inclusion still depends on V1 deprecation, threshold policy and owner approval.",False,,False,0x0000000000000000000000000000000000000000000000000000000000000000,PENDING,,,,OWNER_SELECTION_REQUIRED,OWNER_SELECTION_REQUIRED,DRAFT_NOT_EXECUTABLE
497,v1-mainnet-0497,0x8f10b468b06c6fd214b65f87778827f7d113f996,,SMART_CONTRACT,True,13529,1,0.000000000001,1000000,0.000000000001000000,v2RawAmount = v1RawAmount * 1000000 (12->18 decimals),HOLD_CONTRACT_RECIPIENT_REVIEW,"Contract recipients require ownership, recovery and token-compatibility review.",False,,False,0x0000000000000000000000000000000000000000000000000000000000000000,PENDING,,,,OWNER_SELECTION_REQUIRED,OWNER_SELECTION_REQUIRED,DRAFT_NOT_EXECUTABLE
